vehicle_id,timestamp,latitude,longitude,speed_m_s,CO,NOx,PM2.5,CO2
DL1PD7819,2025-12-09T08:20:00+05:30,28.7306,77.210609,0.0,0.0,0.0,0.0,0.0
DL51GD2219,2025-12-09T08:20:00+05:30,28.64082,77.205643,0.0,0.0,0.0,0.0,0.0
DL1PD8318,2025-12-09T08:20:00+05:30,28.67285,77.080177,0.0,0.0,0.0,0.0,0.0
DL1PD7993,2025-12-09T08:20:00+05:30,28.632021,77.215607,0.0,0.0,0.0,0.0,0.0
DL51GD3188,2025-12-09T08:20:00+05:30,28.6532,77.03466,0.0,0.0,0.0,0.0,0.0
DL1PD8323,2025-12-09T08:20:00+05:30,28.732691,77.02961,0.0,0.0,0.0,0.0,0.0
DL51EV9974,2025-12-09T08:20:00+05:30,28.64937,77.027077,0.0,0.0,0.0,0.0,0.0
DL51GD2534,2025-12-09T08:20:00+05:30,28.69422,77.134758,0.0,0.0,0.0,0.0,0.0
DL1PD8255,2025-12-09T08:20:00+05:30,28.585039,77.062012,0.0,0.0,0.0,0.0,0.0
DL1PD8199,2025-12-09T08:20:00+05:30,28.52636,77.205711,0.0,0.0,0.0,0.0,0.0
DL1PD8487,2025-12-09T08:20:00+05:30,28.688789,77.159187,0.0,0.0,0.0,0.0,0.0
DL1PD8364,2025-12-09T08:20:00+05:30,28.714569,77.116737,0.0,0.0,0.0,0.0,0.0
DL51EV9768,2025-12-09T08:20:00+05:30,28.574181,77.209473,0.0,0.0,0.0,0.0,0.0
DL51GD3221,2025-12-09T08:20:00+05:30,28.668631,77.101753,0.0,0.0,0.0,0.0,0.0
DL1PD8059,2025-12-09T08:20:00+05:30,28.70142,77.00016,0.0,0.0,0.0,0.0,0.0
DL1PD8331,2025-12-09T08:20:00+05:30,28.73871,77.140068,0.0,0.0,0.0,0.0,0.0
DL1PD8279,2025-12-09T08:20:00+05:30,28.679569,77.093307,0.0,0.0,0.0,0.0,0.0
DL1PD7809,2025-12-09T08:20:00+05:30,28.65213,77.157242,0.0,0.0,0.0,0.0,0.0
DL1PD8215,2025-12-09T08:20:00+05:30,28.62598,77.134209,0.0,0.0,0.0,0.0,0.0
DL51EV2585,2025-12-09T08:20:00+05:30,28.545191,77.199379,0.0,0.0,0.0,0.0,0.0
DL1PD7558,2025-12-09T08:20:00+05:30,28.59461,77.299072,0.0,0.0,0.0,0.0,0.0
DL1PD8252,2025-12-09T08:19:59+05:30,28.552582,77.053719,0.0,0.0,0.0,0.0,0.0
DL51EV0467,2025-12-09T08:19:59+05:30,28.706989,77.227577,0.0,0.0,0.0,0.0,0.0
DL1PD8330,2025-12-09T08:19:59+05:30,28.590519,77.082863,0.0,0.0,0.0,0.0,0.0
DL1PD7833,2025-12-09T08:19:59+05:30,28.660471,77.186996,0.0,0.0,0.0,0.0,0.0
DL1PD8058,2025-12-09T08:19:59+05:30,28.705879,77.227257,0.0,0.0,0.0,0.0,0.0
DL1PD7725,2025-12-09T08:19:59+05:30,28.590488,77.300827,0.0,0.0,0.0,0.0,0.0
DL51EV1496,2025-12-09T08:19:59+05:30,28.55703,77.091843,0.0,0.0,0.0,0.0,0.0
DL1PD7249,2025-12-09T08:19:59+05:30,28.666492,77.226173,0.0,0.0,0.0,0.0,0.0
DL51EV9817,2025-12-09T08:19:59+05:30,28.53524,77.10865,0.0,0.0,0.0,0.0,0.0
DL51EV9725,2025-12-09T08:19:59+05:30,28.661028,77.142372,0.0,0.0,0.0,0.0,0.0
DL51GD8954,2025-12-09T08:19:59+05:30,28.636869,77.128769,0.0,0.0,0.0,0.0,0.0
DL1PD6976,2025-12-09T08:19:59+05:30,28.628059,77.267616,0.0,0.0,0.0,0.0,0.0
DL51GD2228,2025-12-09T08:19:59+05:30,28.747049,77.094803,0.0,0.0,0.0,0.0,0.0
DL1PD7965,2025-12-09T08:19:59+05:30,28.560768,77.345612,0.0,0.0,0.0,0.0,0.0
DL51EV3745,2025-12-09T08:19:59+05:30,28.66213,77.152367,0.0,0.0,0.0,0.0,0.0
DL1PD8233,2025-12-09T08:19:59+05:30,28.635059,77.092346,0.0,0.0,0.0,0.0,0.0
DL1PD7448,2025-12-09T08:19:59+05:30,28.64172,77.315971,0.0,0.0,0.0,0.0,0.0
DL1PD6945,2025-12-09T08:19:59+05:30,28.72793,77.245331,0.0,0.0,0.0,0.0,0.0
DL1PD8352,2025-12-09T08:19:59+05:30,28.57567,77.068848,0.0,0.0,0.0,0.0,0.0
DL51EV1792,2025-12-09T08:19:59+05:30,28.647274,77.31768,0.0,0.0,0.0,0.0,0.0
DL1PD7569,2025-12-09T08:19:59+05:30,28.641134,77.294991,0.0,0.0,0.0,0.0,0.0
DL51GD3995,2025-12-09T08:19:59+05:30,28.702583,77.087852,0.0,0.0,0.0,0.0,0.0
DL51EV1820,2025-12-09T08:19:59+05:30,28.667744,77.137009,0.0,0.0,0.0,0.0,0.0
DL51GD9218,2025-12-09T08:19:59+05:30,28.718838,77.158577,0.0,0.0,0.0,0.0,0.0
DL1PD7498,2025-12-09T08:19:59+05:30,28.59309,77.294617,0.0,0.0,0.0,0.0,0.0
DL1PD8459,2025-12-09T08:19:59+05:30,28.61142,77.091202,0.0,0.0,0.0,0.0,0.0
DL1PD8084,2025-12-09T08:19:59+05:30,28.70903,77.22718,0.0,0.0,0.0,0.0,0.0
DL51GD2294,2025-12-09T08:19:59+05:30,28.6667,77.217148,0.0,0.0,0.0,0.0,0.0
DL51GD2038,2025-12-09T08:19:59+05:30,28.66864,77.226486,0.0,0.0,0.0,0.0,0.0
DL51GD3348,2025-12-09T08:19:59+05:30,28.674311,77.244102,0.0,0.0,0.0,0.0,0.0
DL51GD2246,2025-12-09T08:19:59+05:30,28.619228,77.028381,0.0,0.0,0.0,0.0,0.0
DL51EV9724,2025-12-09T08:19:59+05:30,28.633238,77.148125,0.0,0.0,0.0,0.0,0.0
DL51EV9602,2025-12-09T08:19:59+05:30,28.575331,77.177727,0.0,0.0,0.0,0.0,0.0
DL51GD9644,2025-12-09T08:19:59+05:30,28.57559,77.198959,0.0,0.0,0.0,0.0,0.0
DL1PD8244,2025-12-09T08:19:59+05:30,28.54274,77.028107,0.0,0.0,0.0,0.0,0.0
DL1PD7517,2025-12-09T08:19:59+05:30,28.695017,77.295364,0.0,0.0,0.0,0.0,0.0
DL51GD2689,2025-12-09T08:19:59+05:30,28.590261,77.258461,0.0,0.0,0.0,0.0,0.0
DL1PD7546,2025-12-09T08:19:59+05:30,28.622219,77.320107,0.0,0.0,0.0,0.0,0.0
DL51EV4845,2025-12-09T08:19:59+05:30,28.511681,77.251396,0.0,0.0,0.0,0.0,0.0
DL51GD2285,2025-12-09T08:19:59+05:30,28.61953,77.026077,0.0,0.0,0.0,0.0,0.0
DL51GD2569,2025-12-09T08:19:59+05:30,28.68108,77.222923,0.0,0.0,0.0,0.0,0.0
DL1PD7941,2025-12-09T08:19:59+05:30,28.66272,77.289688,0.0,0.0,0.0,0.0,0.0
DL1PD8243,2025-12-09T08:19:59+05:30,28.738609,77.081703,0.0,0.0,0.0,0.0,0.0
DL51GD2635,2025-12-09T08:19:59+05:30,28.586952,77.258942,0.0,0.0,0.0,0.0,0.0
DL51GD2915,2025-12-09T08:19:59+05:30,28.548819,77.256058,0.0,0.0,0.0,0.0,0.0
DL51EV0540,2025-12-09T08:19:59+05:30,28.621914,77.206284,0.0,0.0,0.0,0.0,0.0
DL1PD7491,2025-12-09T08:19:59+05:30,28.616199,77.318581,0.0,0.0,0.0,0.0,0.0
DL1PD8335,2025-12-09T08:19:59+05:30,28.585529,77.12645,0.0,0.0,0.0,0.0,0.0
DL51EV9686,2025-12-09T08:19:59+05:30,28.68199,77.053688,0.0,0.0,0.0,0.0,0.0
DL51EV8965,2025-12-09T08:19:59+05:30,28.55641,77.216919,0.0,0.0,0.0,0.0,0.0
DL1PD7535,2025-12-09T08:19:59+05:30,28.698738,77.321732,0.0,0.0,0.0,0.0,0.0
DL51GD2917,2025-12-09T08:19:59+05:30,28.619316,77.028694,0.0,0.0,0.0,0.0,0.0
DL51GD3729,2025-12-09T08:19:59+05:30,28.64921,77.239464,0.0,0.0,0.0,0.0,0.0
DL51GD3246,2025-12-09T08:19:59+05:30,28.685419,77.331284,0.0,0.0,0.0,0.0,0.0
DL51GD3254,2025-12-09T08:19:59+05:30,28.70558,77.186813,0.0,0.0,0.0,0.0,0.0
DL51EV3039,2025-12-09T08:19:59+05:30,28.672319,77.255943,0.0,0.0,0.0,0.0,0.0
DL1PD7049,2025-12-09T08:19:59+05:30,28.616631,77.218819,0.0,0.0,0.0,0.0,0.0
DL51GD8908,2025-12-09T08:19:59+05:30,28.63623,77.31308,0.0,0.0,0.0,0.0,0.0
DL51GD3226,2025-12-09T08:19:59+05:30,28.56723,77.330513,0.0,0.0,0.0,0.0,0.0
DL51GD8922,2025-12-09T08:19:59+05:30,28.516262,77.224052,0.0,0.0,0.0,0.0,0.0
DL51EV1707,2025-12-09T08:19:59+05:30,28.790077,77.159645,0.0,0.0,0.0,0.0,0.0
DL51EV9888,2025-12-09T08:19:59+05:30,28.640141,77.241341,0.0,0.0,0.0,0.0,0.0
DL1PD7928,2025-12-09T08:19:59+05:30,28.54962,77.119217,0.0,0.0,0.0,0.0,0.0
DL1PD8351,2025-12-09T08:19:59+05:30,28.610609,77.082977,0.0,0.0,0.0,0.0,0.0
DL51EV8851,2025-12-09T08:19:59+05:30,28.513155,77.297447,0.0,0.0,0.0,0.0,0.0
DL1PD8180,2025-12-09T08:19:59+05:30,28.708389,77.093193,0.0,0.0,0.0,0.0,0.0
DL51GD3798,2025-12-09T08:19:59+05:30,28.74571,77.099663,0.0,0.0,0.0,0.0,0.0
DL51GD2554,2025-12-09T08:19:59+05:30,28.557186,77.091026,0.0,0.0,0.0,0.0,0.0
DL1PD7692,2025-12-09T08:19:59+05:30,28.639717,77.244415,0.0,0.0,0.0,0.0,0.0
DL51GD2224,2025-12-09T08:19:59+05:30,28.619318,77.027885,0.0,0.0,0.0,0.0,0.0
DL51GD2179,2025-12-09T08:19:59+05:30,28.74505,77.117126,0.0,0.0,0.0,0.0,0.0
DL51GD8532,2025-12-09T08:19:59+05:30,28.650288,77.153854,0.0,0.0,0.0,0.0,0.0
DL51GD8763,2025-12-09T08:19:59+05:30,28.619364,77.033691,0.0,0.0,0.0,0.0,0.0
DL51GD2217,2025-12-09T08:19:59+05:30,28.731569,77.186546,0.0,0.0,0.0,0.0,0.0
DL51GD2984,2025-12-09T08:19:58+05:30,28.67979,77.093063,0.0,0.0,0.0,0.0,0.0
DL1PD8267,2025-12-09T08:19:58+05:30,28.73332,77.089371,0.0,0.0,0.0,0.0,0.0
DL1PD8055,2025-12-09T08:19:58+05:30,28.67062,77.129807,0.0,0.0,0.0,0.0,0.0
DL1PD8565,2025-12-09T08:19:58+05:30,28.647106,77.165634,0.0,0.0,0.0,0.0,0.0
DL51EV0537,2025-12-09T08:19:58+05:30,28.746998,77.095619,0.0,0.0,0.0,0.0,0.0
DL1PD8466,2025-12-09T08:19:58+05:30,28.590651,77.081619,0.0,0.0,0.0,0.0,0.0
DL51GD3739,2025-12-09T08:19:58+05:30,28.54915,77.12751,0.0,0.0,0.0,0.0,0.0
DL51GD3744,2025-12-09T08:19:58+05:30,28.718962,77.084175,0.0,0.0,0.0,0.0,0.0
DL1PD7276,2025-12-09T08:19:58+05:30,28.639811,77.293159,0.0,0.0,0.0,0.0,0.0
DL51GD3390,2025-12-09T08:19:58+05:30,28.579571,77.362862,0.0,0.0,0.0,0.0,0.0
DL1PD8304,2025-12-09T08:19:58+05:30,28.688311,77.095062,0.0,0.0,0.0,0.0,0.0
DL51GD2862,2025-12-09T08:19:58+05:30,28.669737,77.229195,0.0,0.0,0.0,0.0,0.0
DL51GD9221,2025-12-09T08:19:58+05:30,28.5604,77.231827,0.0,0.0,0.0,0.0,0.0
DL1PD6717,2025-12-09T08:19:58+05:30,28.719061,77.004051,0.0,0.0,0.0,0.0,0.0
DL1PD8240,2025-12-09T08:19:58+05:30,28.732771,77.028198,0.0,0.0,0.0,0.0,0.0
DL51EV8718,2025-12-09T08:19:58+05:30,28.550381,77.263718,0.0,0.0,0.0,0.0,0.0
DL1PD7455,2025-12-09T08:19:58+05:30,28.615931,77.340897,0.0,0.0,0.0,0.0,0.0
DL51EV8508,2025-12-09T08:19:58+05:30,28.504976,77.300705,0.0,0.0,0.0,0.0,0.0
DL51EV8528,2025-12-09T08:19:58+05:30,28.526569,77.186836,0.0,0.0,0.0,0.0,0.0
DL1PD8290,2025-12-09T08:19:58+05:30,28.647619,77.084732,0.0,0.0,0.0,0.0,0.0
DL1PD8288,2025-12-09T08:19:58+05:30,28.62483,77.110519,0.0,0.0,0.0,0.0,0.0
DL51GD8721,2025-12-09T08:19:58+05:30,28.638094,77.146713,0.0,0.0,0.0,0.0,0.0
DL1PD7487,2025-12-09T08:19:58+05:30,28.71257,77.287468,0.0,0.0,0.0,0.0,0.0
DL51EV0698,2025-12-09T08:19:58+05:30,28.596201,77.223328,0.0,0.0,0.0,0.0,0.0
DL1PD8285,2025-12-09T08:19:58+05:30,28.609171,77.099419,0.0,0.0,0.0,0.0,0.0
DL1PD7844,2025-12-09T08:19:58+05:30,28.632641,77.223038,0.0,0.0,0.0,0.0,0.0
DL51EV1732,2025-12-09T08:19:58+05:30,28.641609,77.29512,0.0,0.0,0.0,0.0,0.0
DL51GD2546,2025-12-09T08:19:58+05:30,28.740294,77.009491,0.0,0.0,0.0,0.0,0.0
DL1PD7829,2025-12-09T08:19:58+05:30,28.661961,77.182961,0.0,0.0,0.0,0.0,0.0
DL51EV9074,2025-12-09T08:19:58+05:30,28.640539,77.293823,0.0,0.0,0.0,0.0,0.0
DL1PD7639,2025-12-09T08:19:58+05:30,28.666365,77.183907,0.0,0.0,0.0,0.0,0.0
DL1PD7788,2025-12-09T08:19:58+05:30,28.68161,77.19841,0.0,0.0,0.0,0.0,0.0
DL1PD6848,2025-12-09T08:19:58+05:30,28.548771,77.255852,0.0,0.0,0.0,0.0,0.0
DL51GD2205,2025-12-09T08:19:58+05:30,28.69165,77.153412,0.0,0.0,0.0,0.0,0.0
DL1PD8363,2025-12-09T08:19:58+05:30,28.59034,77.084732,0.0,0.0,0.0,0.0,0.0
DL51GD2211,2025-12-09T08:19:58+05:30,28.734261,77.019028,0.0,0.0,0.0,0.0,0.0
DL51EV1788,2025-12-09T08:19:58+05:30,28.66357,77.197281,0.0,0.0,0.0,0.0,0.0
DL51GD8681,2025-12-09T08:19:58+05:30,28.73081,77.168808,0.0,0.0,0.0,0.0,0.0
DL1PD8297,2025-12-09T08:19:58+05:30,28.587391,77.086372,0.0,0.0,0.0,0.0,0.0
DL1PD6962,2025-12-09T08:19:58+05:30,28.61347,77.32235,0.0,0.0,0.0,0.0,0.0
DL1PD8182,2025-12-09T08:19:58+05:30,28.718321,77.094917,0.0,0.0,0.0,0.0,0.0
DL51GD2207,2025-12-09T08:19:58+05:30,28.643122,77.226288,0.0,0.0,0.0,0.0,0.0
DL51GD4277,2025-12-09T08:19:58+05:30,28.719362,77.084229,0.0,0.0,0.0,0.0,0.0
DL51GD2566,2025-12-09T08:19:58+05:30,28.746946,77.095322,0.0,0.0,0.0,0.0,0.0
DL51GD2203,2025-12-09T08:19:58+05:30,28.717558,77.063583,0.0,0.0,0.0,0.0,0.0
DL1PD6756,2025-12-09T08:19:58+05:30,28.659735,77.145218,0.0,0.0,0.0,0.0,0.0
DL51GD2134,2025-12-09T08:19:58+05:30,28.673201,77.144386,0.0,0.0,0.0,0.0,0.0
DL51GD2110,2025-12-09T08:19:58+05:30,28.6285,77.133636,0.0,0.0,0.0,0.0,0.0
DL1PD8168,2025-12-09T08:19:58+05:30,28.66943,77.168709,0.0,0.0,0.0,0.0,0.0
DL1PD6808,2025-12-09T08:19:58+05:30,28.644461,77.29921,0.0,0.0,0.0,0.0,0.0
DL1PD8172,2025-12-09T08:19:58+05:30,28.6332,77.21315,0.0,0.0,0.0,0.0,0.0
DL51GD3372,2025-12-09T08:19:58+05:30,28.590815,77.258316,0.0,0.0,0.0,0.0,0.0
DL51GD2692,2025-12-09T08:19:58+05:30,28.586729,77.259117,0.0,0.0,0.0,0.0,0.0
DL51EV3179,2025-12-09T08:19:58+05:30,28.64678,77.204239,0.0,0.0,0.0,0.0,0.0
DL1PD7770,2025-12-09T08:19:58+05:30,28.66539,77.284271,0.0,0.0,0.0,0.0,0.0
DL51GD3238,2025-12-09T08:19:58+05:30,28.624281,77.239723,0.0,0.0,0.0,0.0,0.0
DL1PD7718,2025-12-09T08:19:58+05:30,28.703712,77.263084,0.0,0.0,0.0,0.0,0.0
DL1PD6753,2025-12-09T08:19:58+05:30,28.567459,77.226341,0.0,0.0,0.0,0.0,0.0
DL51GD2547,2025-12-09T08:19:58+05:30,28.743361,77.123581,0.0,0.0,0.0,0.0,0.0
DL1PD6925,2025-12-09T08:19:58+05:30,28.612471,77.251007,0.0,0.0,0.0,0.0,0.0
DL51GD2599,2025-12-09T08:19:58+05:30,28.604219,77.154762,0.0,0.0,0.0,0.0,0.0
DL1PD6915,2025-12-09T08:19:58+05:30,28.56813,77.20816,0.0,0.0,0.0,0.0,0.0
DL51GD2937,2025-12-09T08:19:58+05:30,28.681379,77.078743,0.0,0.0,0.0,0.0,0.0
DL1PD7655,2025-12-09T08:19:58+05:30,28.617044,77.339851,0.0,0.0,0.0,0.0,0.0
DL51GD2952,2025-12-09T08:19:58+05:30,28.666849,77.169273,0.0,0.0,0.0,0.0,0.0
DL51GD2662,2025-12-09T08:19:58+05:30,28.685986,77.331024,0.0,0.0,0.0,0.0,0.0
DL51GD3329,2025-12-09T08:19:58+05:30,28.64399,77.240341,0.0,0.0,0.0,0.0,0.0
DL1PD7606,2025-12-09T08:19:57+05:30,28.650299,77.086021,0.0,0.0,0.0,0.0,0.0
DL1PD8445,2025-12-09T08:19:57+05:30,28.673,77.103394,0.0,0.0,0.0,0.0,0.0
DL1PD8443,2025-12-09T08:19:57+05:30,28.59046,77.082047,0.0,0.0,0.0,0.0,0.0
DL1PD8270,2025-12-09T08:19:57+05:30,28.731899,77.085342,0.0,0.0,0.0,0.0,0.0
DL51EV1725,2025-12-09T08:19:57+05:30,28.60218,77.266586,0.0,0.0,0.0,0.0,0.0
DL1PD7784,2025-12-09T08:19:57+05:30,28.707153,77.181351,0.0,0.0,0.0,0.0,0.0
DL1PD8305,2025-12-09T08:19:57+05:30,28.553972,77.057854,0.0,0.0,0.0,0.0,0.0
DL1PD8447,2025-12-09T08:19:57+05:30,28.553949,77.057861,0.0,0.0,0.0,0.0,0.0
DL51GD9010,2025-12-09T08:19:57+05:30,28.521441,77.183113,0.0,0.0,0.0,0.0,0.0
DL1PD8049,2025-12-09T08:19:57+05:30,28.699789,77.202347,0.0,0.0,0.0,0.0,0.0
DL1PD6708,2025-12-09T08:19:57+05:30,28.659868,77.144722,0.0,0.0,0.0,0.0,0.0
DL1PD8448,2025-12-09T08:19:57+05:30,28.615311,77.09198,0.0,0.0,0.0,0.0,0.0
DL51EV1517,2025-12-09T08:19:57+05:30,28.515223,77.163544,0.0,0.0,0.0,0.0,0.0
DL51EV1543,2025-12-09T08:19:57+05:30,28.703911,77.24157,0.0,0.0,0.0,0.0,0.0
DL51GD3241,2025-12-09T08:19:57+05:30,28.51985,77.162453,0.0,0.0,0.0,0.0,0.0
DL51EV8699,2025-12-09T08:19:57+05:30,28.626841,77.223061,0.0,0.0,0.0,0.0,0.0
DL51EV1758,2025-12-09T08:19:57+05:30,28.646509,77.084312,0.0,0.0,0.0,0.0,0.0
DL51GD2550,2025-12-09T08:19:57+05:30,28.698,77.119324,0.0,0.0,0.0,0.0,0.0
DL1PD7326,2025-12-09T08:19:57+05:30,28.55666,77.185043,0.0,0.0,0.0,0.0,0.0
DL51EV0448,2025-12-09T08:19:57+05:30,28.670132,77.183792,0.0,0.0,0.0,0.0,0.0
DL51GD2123,2025-12-09T08:19:57+05:30,28.74367,77.125664,0.0,0.0,0.0,0.0,0.0
DL1PD7820,2025-12-09T08:19:57+05:30,28.615316,77.281395,0.0,0.0,0.0,0.0,0.0
DL51EV4844,2025-12-09T08:19:57+05:30,28.50238,77.283211,0.0,0.0,0.0,0.0,0.0
DL51GD2313,2025-12-09T08:19:57+05:30,28.545549,77.197662,0.0,0.0,0.0,0.0,0.0
DL51GD2299,2025-12-09T08:19:57+05:30,28.636551,77.095329,0.0,0.0,0.0,0.0,0.0
DL51GD2548,2025-12-09T08:19:57+05:30,28.65531,77.152237,0.0,0.0,0.0,0.0,0.0
DL1PD6854,2025-12-09T08:19:57+05:30,28.599939,77.350861,0.0,0.0,0.0,0.0,0.0
DL1PD7370,2025-12-09T08:19:57+05:30,28.698788,77.322464,0.0,0.0,0.0,0.0,0.0
DL51EV4209,2025-12-09T08:19:57+05:30,28.63275,77.223053,0.0,0.0,0.0,0.0,0.0
DL51EV2517,2025-12-09T08:19:57+05:30,28.617029,77.339737,0.0,0.0,0.0,0.0,0.0
DL51EV9700,2025-12-09T08:19:57+05:30,28.546783,77.306602,0.0,0.0,0.0,0.0,0.0
DL51EV2519,2025-12-09T08:19:57+05:30,28.640881,77.2052,0.0,0.0,0.0,0.0,0.0
DL1PD6737,2025-12-09T08:19:57+05:30,28.64654,77.166801,0.0,0.0,0.0,0.0,0.0
DL1PD7391,2025-12-09T08:19:57+05:30,28.68235,77.037422,0.0,0.0,0.0,0.0,0.0
DL51GD4079,2025-12-09T08:19:57+05:30,28.703035,77.088326,0.0,0.0,0.0,0.0,0.0
DL51GD9285,2025-12-09T08:19:57+05:30,28.525373,77.262131,0.0,0.0,0.0,0.0,0.0
DL1PD8361,2025-12-09T08:19:57+05:30,28.565323,77.122414,0.0,0.0,0.0,0.0,0.0
DL1PD7071,2025-12-09T08:19:57+05:30,28.67906,77.195168,0.0,0.0,0.0,0.0,0.0
DL51GD9295,2025-12-09T08:19:57+05:30,28.585794,77.25209,0.0,0.0,0.0,0.0,0.0
DL51GD2527,2025-12-09T08:19:57+05:30,28.73576,77.173264,0.0,0.0,0.0,0.0,0.0
DL51GD2202,2025-12-09T08:19:57+05:30,28.746567,77.095779,0.0,0.0,0.0,0.0,0.0
DL1PD7476,2025-12-09T08:19:57+05:30,28.703463,77.10038,0.0,0.0,0.0,0.0,0.0
DL1PD7118,2025-12-09T08:19:57+05:30,28.690531,77.279892,0.0,0.0,0.0,0.0,0.0
DL1PD6702,2025-12-09T08:19:57+05:30,28.63801,77.20311,0.0,0.0,0.0,0.0,0.0
DL51EV0909,2025-12-09T08:19:57+05:30,28.607824,77.103615,0.0,0.0,0.0,0.0,0.0
DL51GD8956,2025-12-09T08:19:57+05:30,28.624678,77.110634,0.0,0.0,0.0,0.0,0.0
DL1PD8458,2025-12-09T08:19:57+05:30,28.584499,77.064079,0.0,0.0,0.0,0.0,0.0
DL51EV1729,2025-12-09T08:19:57+05:30,28.653294,77.319527,0.0,0.0,0.0,0.0,0.0
DL51EV3850,2025-12-09T08:19:57+05:30,28.56946,77.202782,0.0,0.0,0.0,0.0,0.0
DL1PD6829,2025-12-09T08:19:57+05:30,28.56962,77.201408,0.0,0.0,0.0,0.0,0.0
DL1PD8314,2025-12-09T08:19:57+05:30,28.58312,77.050529,0.0,0.0,0.0,0.0,0.0
DL51GD3220,2025-12-09T08:19:57+05:30,28.628321,77.273354,0.0,0.0,0.0,0.0,0.0
DL51GD3237,2025-12-09T08:19:57+05:30,28.590654,77.258324,0.0,0.0,0.0,0.0,0.0
DL1PD7971,2025-12-09T08:19:57+05:30,28.664909,77.254578,0.0,0.0,0.0,0.0,0.0
DL1PD8202,2025-12-09T08:19:57+05:30,28.60322,77.10585,0.0,0.0,0.0,0.0,0.0
DL51GD3369,2025-12-09T08:19:57+05:30,28.672279,77.258591,0.0,0.0,0.0,0.0,0.0
DL1PD7018,2025-12-09T08:19:57+05:30,28.617741,77.249542,0.0,0.0,0.0,0.0,0.0
DL1PD8345,2025-12-09T08:19:57+05:30,28.646151,77.097473,0.0,0.0,0.0,0.0,0.0
DL1PD8349,2025-12-09T08:19:57+05:30,28.586884,77.048248,0.0,0.0,0.0,0.0,0.0
DL51GD3737,2025-12-09T08:19:57+05:30,28.681841,77.144119,0.0,0.0,0.0,0.0,0.0
DL51EV0408,2025-12-09T08:19:57+05:30,28.717155,77.101364,0.0,0.0,0.0,0.0,0.0
DL1PD8327,2025-12-09T08:19:57+05:30,28.630911,77.119469,0.0,0.0,0.0,0.0,0.0
DL51GD2971,2025-12-09T08:19:57+05:30,28.619286,77.027977,0.0,0.0,0.0,0.0,0.0
DL51GD2969,2025-12-09T08:19:57+05:30,28.636312,77.09552,0.0,0.0,0.0,0.0,0.0
DL1PD8336,2025-12-09T08:19:57+05:30,28.724991,77.142403,0.0,0.0,0.0,0.0,0.0
DL51GD2789,2025-12-09T08:19:57+05:30,28.619339,77.028351,0.0,0.0,0.0,0.0,0.0
DL1PD7751,2025-12-09T08:19:57+05:30,28.718071,77.158226,0.0,0.0,0.0,0.0,0.0
DL1PD7956,2025-12-09T08:19:57+05:30,28.5464,77.123352,0.0,0.0,0.0,0.0,0.0
DL51EV3168,2025-12-09T08:19:57+05:30,28.66156,77.184258,0.0,0.0,0.0,0.0,0.0
DL51EV3170,2025-12-09T08:19:57+05:30,28.693645,77.156006,0.0,0.0,0.0,0.0,0.0
DL51GD9699,2025-12-09T08:19:57+05:30,28.585003,77.253387,0.0,0.0,0.0,0.0,0.0
DL51GD3130,2025-12-09T08:19:57+05:30,28.641211,77.229553,0.0,0.0,0.0,0.0,0.0
DL51GD2551,2025-12-09T08:19:57+05:30,28.72488,77.128807,0.0,0.0,0.0,0.0,0.0
DL1PD7890,2025-12-09T08:19:57+05:30,28.55451,77.132278,0.0,0.0,0.0,0.0,0.0
DL1PD6920,2025-12-09T08:19:57+05:30,28.66749,77.229202,0.0,0.0,0.0,0.0,0.0
DL51EV9727,2025-12-09T08:19:57+05:30,28.62467,77.24057,0.0,0.0,0.0,0.0,0.0
DL1PD7236,2025-12-09T08:19:57+05:30,28.70731,77.177933,0.0,0.0,0.0,0.0,0.0
DL51GD2293,2025-12-09T08:19:57+05:30,28.5854,77.258965,0.0,0.0,0.0,0.0,0.0
DL1PD7931,2025-12-09T08:19:57+05:30,28.67071,77.315857,0.0,0.0,0.0,0.0,0.0
DL51EV9934,2025-12-09T08:19:57+05:30,28.629959,77.218918,0.0,0.0,0.0,0.0,0.0
DL51GD8549,2025-12-09T08:19:57+05:30,28.600658,77.178032,0.0,0.0,0.0,0.0,0.0
DL1PD6777,2025-12-09T08:19:57+05:30,28.584917,77.25309,0.0,0.0,0.0,0.0,0.0
DL51GD2282,2025-12-09T08:19:57+05:30,28.53307,77.060593,0.0,0.0,0.0,0.0,0.0
DL1PD7897,2025-12-09T08:19:57+05:30,28.619579,77.285919,0.0,0.0,0.0,0.0,0.0
DL51EV9092,2025-12-09T08:19:57+05:30,28.531429,77.195732,0.0,0.0,0.0,0.0,0.0
DL51GD2277,2025-12-09T08:19:57+05:30,28.7276,77.04879,0.0,0.0,0.0,0.0,0.0
DL51GD2261,2025-12-09T08:19:57+05:30,28.73188,77.183083,0.0,0.0,0.0,0.0,0.0
DL1PD7984,2025-12-09T08:19:57+05:30,28.67083,77.217323,0.0,0.0,0.0,0.0,0.0
DL1PD7248,2025-12-09T08:19:57+05:30,28.613083,77.322968,0.0,0.0,0.0,0.0,0.0
DL51EV8674,2025-12-09T08:19:57+05:30,28.509621,77.179947,0.0,0.0,0.0,0.0,0.0
DL51EV9954,2025-12-09T08:19:57+05:30,28.521395,77.183327,0.0,0.0,0.0,0.0,0.0
DL1PD7828,2025-12-09T08:19:57+05:30,28.632959,77.218399,0.0,0.0,0.0,0.0,0.0
DL51EV9926,2025-12-09T08:19:57+05:30,28.657913,77.183701,0.0,0.0,0.0,0.0,0.0
DL1PD7900,2025-12-09T08:19:57+05:30,28.569469,77.051224,0.0,0.0,0.0,0.0,0.0
DL1PD7903,2025-12-09T08:19:57+05:30,28.55154,77.107292,0.0,0.0,0.0,0.0,0.0
DL1PD7456,2025-12-09T08:19:56+05:30,28.609209,77.33786,0.0,0.0,0.0,0.0,0.0
DL51GD4293,2025-12-09T08:19:56+05:30,28.660305,77.224991,0.0,0.0,0.0,0.0,0.0
DL1PD7399,2025-12-09T08:19:56+05:30,28.66503,77.284477,0.0,0.0,0.0,0.0,0.0
DL1PD7418,2025-12-09T08:19:56+05:30,28.652349,77.31942,0.0,0.0,0.0,0.0,0.0
DL51EV9863,2025-12-09T08:19:56+05:30,28.52652,77.186913,0.0,0.0,0.0,0.0,0.0
DL51EV9862,2025-12-09T08:19:56+05:30,28.523438,77.238205,0.0,0.0,0.0,0.0,0.0
DL1PD7422,2025-12-09T08:19:56+05:30,28.633579,77.222878,0.0,0.0,0.0,0.0,0.0
DL1PD7428,2025-12-09T08:19:56+05:30,28.516546,77.223129,0.0,0.0,0.0,0.0,0.0
DL51EV4860,2025-12-09T08:19:56+05:30,28.642321,77.223579,0.0,0.0,0.0,0.0,0.0
DL1PD8576,2025-12-09T08:19:56+05:30,28.653061,77.111839,0.0,0.0,0.0,0.0,0.0
DL1PD8286,2025-12-09T08:19:56+05:30,28.597006,77.034241,0.0,0.0,0.0,0.0,0.0
DL1PD7622,2025-12-09T08:19:56+05:30,28.694139,77.314903,0.0,0.0,0.0,0.0,0.0
DL51EV0541,2025-12-09T08:19:56+05:30,28.74744,77.095901,0.0,0.0,0.0,0.0,0.0
DL1PD8471,2025-12-09T08:19:56+05:30,28.71769,77.105919,0.0,0.0,0.0,0.0,0.0
DL1PD8554,2025-12-09T08:19:56+05:30,28.739998,77.141571,0.0,0.0,0.0,0.0,0.0
DL1PD8575,2025-12-09T08:19:56+05:30,28.665791,77.138969,0.0,0.0,0.0,0.0,0.0
DL51EV0415,2025-12-09T08:19:56+05:30,28.70385,77.170227,0.0,0.0,0.0,0.0,0.0
DL1PD8151,2025-12-09T08:19:56+05:30,28.70516,77.00074,0.0,0.0,0.0,0.0,0.0
DL51EV8612,2025-12-09T08:19:56+05:30,28.56427,77.207397,0.0,0.0,0.0,0.0,0.0
DL51EV9776,2025-12-09T08:19:56+05:30,28.58757,77.240829,0.0,0.0,0.0,0.0,0.0
DL1PD8190,2025-12-09T08:19:56+05:30,28.680841,77.082077,0.0,0.0,0.0,0.0,0.0
DL1PD7899,2025-12-09T08:19:56+05:30,28.60338,77.319328,0.0,0.0,0.0,0.0,0.0
DL51EV9950,2025-12-09T08:19:56+05:30,28.579699,77.2136,0.0,0.0,0.0,0.0,0.0
DL1PD7530,2025-12-09T08:19:56+05:30,28.67605,77.313057,0.0,0.0,0.0,0.0,0.0
DL1PD8397,2025-12-09T08:19:56+05:30,28.674471,77.113449,0.0,0.0,0.0,0.0,0.0
DL1PD7226,2025-12-09T08:19:56+05:30,28.69418,77.150703,0.0,0.0,0.0,0.0,0.0
DL51EV1645,2025-12-09T08:19:56+05:30,28.705641,77.232613,0.0,0.0,0.0,0.0,0.0
DL51EV8663,2025-12-09T08:19:56+05:30,28.51586,77.226662,0.0,0.0,0.0,0.0,0.0
DL1PD8026,2025-12-09T08:19:56+05:30,28.667471,77.213181,0.0,0.0,0.0,0.0,0.0
DL51GD4264,2025-12-09T08:19:56+05:30,28.698627,77.321373,0.0,0.0,0.0,0.0,0.0
DL51GD9015,2025-12-09T08:19:56+05:30,28.678101,77.105164,0.0,0.0,0.0,0.0,0.0
DL51GD2287,2025-12-09T08:19:56+05:30,28.70219,77.281013,0.0,0.0,0.0,0.0,0.0
DL51GD2254,2025-12-09T08:19:56+05:30,28.629601,77.079353,0.0,0.0,0.0,0.0,0.0
DL1PD7803,2025-12-09T08:19:56+05:30,28.660307,77.187836,0.0,0.0,0.0,0.0,0.0
DL51EV8808,2025-12-09T08:19:56+05:30,28.627819,77.255547,0.0,0.0,0.0,0.0,0.0
DL51EV1299,2025-12-09T08:19:56+05:30,28.74515,77.117088,0.0,0.0,0.0,0.0,0.0
DL51EV1447,2025-12-09T08:19:56+05:30,28.557039,77.091965,0.0,0.0,0.0,0.0,0.0
DL51EV9642,2025-12-09T08:19:56+05:30,28.625067,77.240463,0.0,0.0,0.0,0.0,0.0
DL1PD6775,2025-12-09T08:19:56+05:30,28.639526,77.223648,0.0,0.0,0.0,0.0,0.0
DL1PD7229,2025-12-09T08:19:56+05:30,28.700069,77.2985,0.0,0.0,0.0,0.0,0.0
DL51GD9053,2025-12-09T08:19:56+05:30,28.704309,77.131668,0.0,0.0,0.0,0.0,0.0
DL1PD8213,2025-12-09T08:19:56+05:30,28.72164,77.065147,0.0,0.0,0.0,0.0,0.0
DL1PD7492,2025-12-09T08:19:56+05:30,28.507776,77.176407,0.0,0.0,0.0,0.0,0.0
DL51GD9171,2025-12-09T08:19:56+05:30,28.70471,77.244057,0.0,0.0,0.0,0.0,0.0
DL1PD8245,2025-12-09T08:19:56+05:30,28.546829,77.027153,0.0,0.0,0.0,0.0,0.0
DL51EV9738,2025-12-09T08:19:56+05:30,28.660013,77.144379,0.0,0.0,0.0,0.0,0.0
DL1PD7834,2025-12-09T08:19:56+05:30,28.65287,77.192383,0.0,0.0,0.0,0.0,0.0
DL1PD8126,2025-12-09T08:19:56+05:30,28.669781,77.167664,0.0,0.0,0.0,0.0,0.0
DL51EV9751,2025-12-09T08:19:56+05:30,28.682007,77.053734,0.0,0.0,0.0,0.0,0.0
DL1PD6826,2025-12-09T08:19:56+05:30,28.548681,77.256203,0.0,0.0,0.0,0.0,0.0
DL51GD9031,2025-12-09T08:19:56+05:30,28.7031,77.099991,0.0,0.0,0.0,0.0,0.0
DL1PD7490,2025-12-09T08:19:56+05:30,28.544954,77.263184,0.0,0.0,0.0,0.0,0.0
DL51GD9257,2025-12-09T08:19:56+05:30,28.7001,77.125237,0.0,0.0,0.0,0.0,0.0
DL51GD3283,2025-12-09T08:19:56+05:30,28.686855,77.331062,0.0,0.0,0.0,0.0,0.0
DL51GD2276,2025-12-09T08:19:56+05:30,28.671209,77.176193,0.0,0.0,0.0,0.0,0.0
DL51GD3231,2025-12-09T08:19:56+05:30,28.5532,77.166122,0.0,0.0,0.0,0.0,0.0
DL1PD8198,2025-12-09T08:19:56+05:30,28.624798,77.135056,0.0,0.0,0.0,0.0,0.0
DL1PD6790,2025-12-09T08:19:56+05:30,28.67491,77.188553,0.0,0.0,0.0,0.0,0.0
DL51GD2914,2025-12-09T08:19:56+05:30,28.64082,77.011528,0.0,0.0,0.0,0.0,0.0
DL51GD2562,2025-12-09T08:19:56+05:30,28.66943,77.092888,0.0,0.0,0.0,0.0,0.0
DL51GD2518,2025-12-09T08:19:56+05:30,28.640791,77.238579,0.0,0.0,0.0,0.0,0.0
DL1PD7602,2025-12-09T08:19:56+05:30,28.682497,77.255249,0.0,0.0,0.0,0.0,0.0
DL1PD8333,2025-12-09T08:19:56+05:30,28.553869,77.036346,0.0,0.0,0.0,0.0,0.0
DL1PD8373,2025-12-09T08:19:56+05:30,28.68968,77.197594,0.0,0.0,0.0,0.0,0.0
DL1PD7035,2025-12-09T08:19:56+05:30,28.657471,77.29055,0.0,0.0,0.0,0.0,0.0
DL1PD8376,2025-12-09T08:19:56+05:30,28.71249,77.138023,0.0,0.0,0.0,0.0,0.0
DL1PD8372,2025-12-09T08:19:56+05:30,28.685249,77.275703,0.0,0.0,0.0,0.0,0.0
DL1PD6849,2025-12-09T08:19:56+05:30,28.68186,77.144676,0.0,0.0,0.0,0.0,0.0
DL1PD8392,2025-12-09T08:19:56+05:30,28.727097,77.14444,0.0,0.0,0.0,0.0,0.0
DL1PD6838,2025-12-09T08:19:56+05:30,28.618429,77.291748,0.0,0.0,0.0,0.0,0.0
DL1PD8450,2025-12-09T08:19:56+05:30,28.722458,77.061493,0.0,0.0,0.0,0.0,0.0
DL1PD7042,2025-12-09T08:19:56+05:30,28.700171,77.298019,0.0,0.0,0.0,0.0,0.0
DL51EV3709,2025-12-09T08:19:56+05:30,28.693899,77.209267,0.0,0.0,0.0,0.0,0.0
DL1PD6884,2025-12-09T08:19:56+05:30,28.70573,77.229286,0.0,0.0,0.0,0.0,0.0
DL1PD7913,2025-12-09T08:19:56+05:30,28.62998,77.309097,0.0,0.0,0.0,0.0,0.0
DL1PD8355,2025-12-09T08:19:56+05:30,28.66552,77.11187,0.0,0.0,0.0,0.0,0.0
DL51GD2297,2025-12-09T08:19:56+05:30,28.716499,77.056313,0.0,0.0,0.0,0.0,0.0
DL51EV3132,2025-12-09T08:19:56+05:30,28.682249,77.068977,0.0,0.0,0.0,0.0,0.0
DL1PD8303,2025-12-09T08:19:56+05:30,28.721451,77.065453,0.0,0.0,0.0,0.0,0.0
DL1PD6755,2025-12-09T08:19:55+05:30,28.52162,77.199097,0.0,0.0,0.0,0.0,0.0
DL51EV0929,2025-12-09T08:19:55+05:30,28.747046,77.095741,0.0,0.0,0.0,0.0,0.0
DL1PD7968,2025-12-09T08:19:55+05:30,28.58518,77.045624,0.0,0.0,0.0,0.0,0.0
DL1PD8052,2025-12-09T08:19:55+05:30,28.647541,77.084656,0.0,0.0,0.0,0.0,0.0
DL51EV0887,2025-12-09T08:19:55+05:30,28.702999,77.269951,0.0,0.0,0.0,0.0,0.0
DL1PD7185,2025-12-09T08:19:55+05:30,28.62661,77.280121,0.0,0.0,0.0,0.0,0.0
DL1PD7077,2025-12-09T08:19:55+05:30,28.599131,77.255081,0.0,0.0,0.0,0.0,0.0
DL1PD8131,2025-12-09T08:19:55+05:30,28.66836,77.130173,0.0,0.0,0.0,0.0,0.0
DL51EV1883,2025-12-09T08:19:55+05:30,28.62793,77.258202,0.0,0.0,0.0,0.0,0.0
DL51GD9629,2025-12-09T08:19:55+05:30,28.669168,77.229294,0.0,0.0,0.0,0.0,0.0
DL1PD8378,2025-12-09T08:19:55+05:30,28.679672,77.091995,0.0,0.0,0.0,0.0,0.0
DL51GD8588,2025-12-09T08:19:55+05:30,28.625069,77.111053,0.0,0.0,0.0,0.0,0.0
DL1PD6991,2025-12-09T08:19:55+05:30,28.67411,77.286758,0.0,0.0,0.0,0.0,0.0
DL1PD8196,2025-12-09T08:19:55+05:30,28.67584,77.118828,0.0,0.0,0.0,0.0,0.0
DL1PD7454,2025-12-09T08:19:55+05:30,28.525146,77.262856,0.0,0.0,0.0,0.0,0.0
DL1PD8390,2025-12-09T08:19:55+05:30,28.58226,77.163933,0.0,0.0,0.0,0.0,0.0
DL51EV1765,2025-12-09T08:19:55+05:30,28.619089,77.291771,0.0,0.0,0.0,0.0,0.0
DL1PD7444,2025-12-09T08:19:55+05:30,28.636181,77.308403,0.0,0.0,0.0,0.0,0.0
DL51EV1785,2025-12-09T08:19:55+05:30,28.584574,77.261681,0.0,0.0,0.0,0.0,0.0
DL1PD8446,2025-12-09T08:19:55+05:30,28.55435,77.128151,0.0,0.0,0.0,0.0,0.0
DL51GD8535,2025-12-09T08:19:55+05:30,28.61911,77.029869,0.0,0.0,0.0,0.0,0.0
DL51EV9694,2025-12-09T08:19:55+05:30,28.68099,77.081573,0.0,0.0,0.0,0.0,0.0
DL1PD6700,2025-12-09T08:19:55+05:30,28.590633,77.168457,0.0,0.0,0.0,0.0,0.0
DL1PD6701,2025-12-09T08:19:55+05:30,28.56028,77.261269,0.0,0.0,0.0,0.0,0.0
DL51GD3775,2025-12-09T08:19:55+05:30,28.693041,77.155167,0.0,0.0,0.0,0.0,0.0
DL51GD2268,2025-12-09T08:19:55+05:30,28.729521,77.002113,0.0,0.0,0.0,0.0,0.0
DL1PD8337,2025-12-09T08:19:55+05:30,28.723181,77.104424,0.0,0.0,0.0,0.0,0.0
DL51EV8585,2025-12-09T08:19:55+05:30,28.546997,77.306557,0.0,0.0,0.0,0.0,0.0
DL51EV9230,2025-12-09T08:19:55+05:30,28.581392,77.25174,0.0,0.0,0.0,0.0,0.0
DL51EV8581,2025-12-09T08:19:55+05:30,28.65099,77.266647,0.0,0.0,0.0,0.0,0.0
DL1PD6773,2025-12-09T08:19:55+05:30,28.5158,77.187828,0.0,0.0,0.0,0.0,0.0
DL51GD2730,2025-12-09T08:19:55+05:30,28.5487,77.255653,0.0,0.0,0.0,0.0,0.0
DL51EV1495,2025-12-09T08:19:55+05:30,28.63658,77.286552,0.0,0.0,0.0,0.0,0.0
DL1PD7801,2025-12-09T08:19:55+05:30,28.751341,77.206573,0.0,0.0,0.0,0.0,0.0
DL1PD7915,2025-12-09T08:19:55+05:30,28.589029,77.061546,0.0,0.0,0.0,0.0,0.0
DL1PD6891,2025-12-09T08:19:55+05:30,28.61618,77.340248,0.0,0.0,0.0,0.0,0.0
DL1PD8250,2025-12-09T08:19:55+05:30,28.715658,77.104027,0.0,0.0,0.0,0.0,0.0
DL51EV9709,2025-12-09T08:19:55+05:30,28.687941,77.090187,0.0,0.0,0.0,0.0,0.0
DL51EV9947,2025-12-09T08:19:55+05:30,28.632458,77.215485,0.0,0.0,0.0,0.0,0.0
DL51EV4898,2025-12-09T08:19:55+05:30,28.657789,77.237045,0.0,0.0,0.0,0.0,0.0
DL51EV9702,2025-12-09T08:19:55+05:30,28.67898,77.098061,0.0,0.0,0.0,0.0,0.0
DL51GD2263,2025-12-09T08:19:55+05:30,28.73543,77.173157,0.0,0.0,0.0,0.0,0.0
DL1PD7848,2025-12-09T08:19:55+05:30,28.633341,77.218636,0.0,0.0,0.0,0.0,0.0
DL51EV8502,2025-12-09T08:19:55+05:30,28.564672,77.178314,0.0,0.0,0.0,0.0,0.0
DL51EV9971,2025-12-09T08:19:55+05:30,28.516138,77.224648,0.0,0.0,0.0,0.0,0.0
DL51EV3765,2025-12-09T08:19:55+05:30,28.552919,77.22805,0.0,0.0,0.0,0.0,0.0
DL1PD6833,2025-12-09T08:19:55+05:30,28.562691,77.286118,0.0,0.0,0.0,0.0,0.0
DL51EV5098,2025-12-09T08:19:55+05:30,28.52606,77.153679,0.0,0.0,0.0,0.0,0.0
DL1PD7907,2025-12-09T08:19:55+05:30,28.612949,77.312523,0.0,0.0,0.0,0.0,0.0
DL1PD7893,2025-12-09T08:19:55+05:30,28.628481,77.321716,0.0,0.0,0.0,0.0,0.0
DL51EV9638,2025-12-09T08:19:55+05:30,28.703325,77.075554,0.0,0.0,0.0,0.0,0.0
DL1PD7887,2025-12-09T08:19:55+05:30,28.64336,77.281548,0.0,0.0,0.0,0.0,0.0
DL51EV4914,2025-12-09T08:19:55+05:30,28.531799,77.394852,0.0,0.0,0.0,0.0,0.0
DL1PD8241,2025-12-09T08:19:55+05:30,28.60107,77.070976,0.0,0.0,0.0,0.0,0.0
DL1PD8287,2025-12-09T08:19:55+05:30,28.630871,77.117943,0.0,0.0,0.0,0.0,0.0
DL1PD8230,2025-12-09T08:19:55+05:30,28.72909,77.044922,0.0,0.0,0.0,0.0,0.0
DL51EV8810,2025-12-09T08:19:55+05:30,28.542391,77.224007,0.0,0.0,0.0,0.0,0.0
DL1PD6877,2025-12-09T08:19:55+05:30,28.583071,77.367462,0.0,0.0,0.0,0.0,0.0
DL51GD2238,2025-12-09T08:19:55+05:30,28.72756,77.130333,0.0,0.0,0.0,0.0,0.0
DL51EV3910,2025-12-09T08:19:55+05:30,28.57198,77.258522,0.0,0.0,0.0,0.0,0.0
DL51EV9635,2025-12-09T08:19:55+05:30,28.58847,77.24691,0.0,0.0,0.0,0.0,0.0
DL51EV9707,2025-12-09T08:19:55+05:30,28.67412,77.247658,0.0,0.0,0.0,0.0,0.0
DL51GD2215,2025-12-09T08:19:55+05:30,28.746998,77.095268,0.0,0.0,0.0,0.0,0.0
DL1PD8218,2025-12-09T08:19:55+05:30,28.715071,77.1036,0.0,0.0,0.0,0.0,0.0
DL1PD6801,2025-12-09T08:19:55+05:30,28.750269,77.082199,0.0,0.0,0.0,0.0,0.0
DL51EV3045,2025-12-09T08:19:55+05:30,28.694128,77.156593,0.0,0.0,0.0,0.0,0.0
DL51EV1157,2025-12-09T08:19:55+05:30,28.709908,77.226974,0.0,0.0,0.0,0.0,0.0
DL51GD9030,2025-12-09T08:19:55+05:30,28.58601,77.126671,0.0,0.0,0.0,0.0,0.0
DL51EV1815,2025-12-09T08:19:55+05:30,28.643641,77.316498,0.0,0.0,0.0,0.0,0.0
DL51GD2583,2025-12-09T08:19:55+05:30,28.683012,77.095085,0.0,0.0,0.0,0.0,0.0
DL51EV3562,2025-12-09T08:19:55+05:30,28.694109,77.155258,0.0,0.0,0.0,0.0,0.0
DL1PD8328,2025-12-09T08:19:55+05:30,28.670509,77.083488,0.0,0.0,0.0,0.0,0.0
DL1PD8324,2025-12-09T08:19:55+05:30,28.631281,77.098839,0.0,0.0,0.0,0.0,0.0
DL51GD2576,2025-12-09T08:19:55+05:30,28.69363,77.151917,0.0,0.0,0.0,0.0,0.0
DL51GD9607,2025-12-09T08:19:55+05:30,28.688543,77.091026,0.0,0.0,0.0,0.0,0.0
DL1PD7878,2025-12-09T08:19:54+05:30,28.6145,77.281929,0.0,0.0,0.0,0.0,0.0
DL51EV9090,2025-12-09T08:19:54+05:30,28.60932,77.100487,0.0,0.0,0.0,0.0,0.0
DL51EV0203,2025-12-09T08:19:54+05:30,28.627542,77.206093,0.0,0.0,0.0,0.0,0.0
DL51GD3347,2025-12-09T08:19:54+05:30,28.615891,77.285118,0.0,0.0,0.0,0.0,0.0
DL51GD3345,2025-12-09T08:19:54+05:30,28.59827,77.191277,0.0,0.0,0.0,0.0,0.0
DL51EV9051,2025-12-09T08:19:54+05:30,28.604582,77.235817,0.0,0.0,0.0,0.0,0.0
DL51EV9987,2025-12-09T08:19:54+05:30,28.652519,77.15683,0.0,0.0,0.0,0.0,0.0
DL51EV3618,2025-12-09T08:19:54+05:30,28.692419,77.15477,0.0,0.0,0.0,0.0,0.0
DL1PD7522,2025-12-09T08:19:54+05:30,28.522011,77.18325,0.0,0.0,0.0,0.0,0.0
DL1PD7451,2025-12-09T08:19:54+05:30,28.673189,77.280693,0.0,0.0,0.0,0.0,0.0
DL1PD6776,2025-12-09T08:19:54+05:30,28.585791,77.259743,0.0,0.0,0.0,0.0,0.0
DL1PD7889,2025-12-09T08:19:54+05:30,28.61451,77.290604,0.0,0.0,0.0,0.0,0.0
DL1PD8291,2025-12-09T08:19:54+05:30,28.582184,77.163902,0.0,0.0,0.0,0.0,0.0
DL1PD8177,2025-12-09T08:19:54+05:30,28.699381,77.203529,0.0,0.0,0.0,0.0,0.0
DL51EV2515,2025-12-09T08:19:54+05:30,28.63072,77.316559,0.0,0.0,0.0,0.0,0.0
DL1PD8184,2025-12-09T08:19:54+05:30,28.630417,77.092735,0.0,0.0,0.0,0.0,0.0
DL51GD8415,2025-12-09T08:19:54+05:30,28.58502,77.052032,0.0,0.0,0.0,0.0,0.0
DL51GD8419,2025-12-09T08:19:54+05:30,28.588409,77.067162,0.0,0.0,0.0,0.0,0.0
DL51EV9899,2025-12-09T08:19:54+05:30,28.551094,77.204247,0.0,0.0,0.0,0.0,0.0
DL1PD8368,2025-12-09T08:19:54+05:30,28.559959,77.128418,0.0,0.0,0.0,0.0,0.0
DL51GD2303,2025-12-09T08:19:54+05:30,28.54847,77.255539,0.0,0.0,0.0,0.0,0.0
DL1PD7188,2025-12-09T08:19:54+05:30,28.641439,77.29541,0.0,0.0,0.0,0.0,0.0
DL51EV9669,2025-12-09T08:19:54+05:30,28.652769,77.236923,0.0,0.0,0.0,0.0,0.0
DL51EV8880,2025-12-09T08:19:54+05:30,28.50491,77.277817,0.0,0.0,0.0,0.0,0.0
DL1PD8284,2025-12-09T08:19:54+05:30,28.625019,77.13501,0.0,0.0,0.0,0.0,0.0
DL1PD8035,2025-12-09T08:19:54+05:30,28.67132,77.17482,0.0,0.0,0.0,0.0,0.0
DL1PD7815,2025-12-09T08:19:54+05:30,28.636311,77.240829,0.0,0.0,0.0,0.0,0.0
DL1PD7198,2025-12-09T08:19:54+05:30,28.730774,77.245972,0.0,0.0,0.0,0.0,0.0
DL1PD8426,2025-12-09T08:19:54+05:30,28.56011,77.174881,0.0,0.0,0.0,0.0,0.0
DL51GD9665,2025-12-09T08:19:54+05:30,28.71207,77.229927,0.0,0.0,0.0,0.0,0.0
DL51EV3948,2025-12-09T08:19:54+05:30,28.681274,77.170952,0.0,0.0,0.0,0.0,0.0
DL51GD2252,2025-12-09T08:19:54+05:30,28.70237,77.19519,0.0,0.0,0.0,0.0,0.0
DL1PD7940,2025-12-09T08:19:54+05:30,28.633059,77.218407,0.0,0.0,0.0,0.0,0.0
DL51GD1496,2025-12-09T08:19:54+05:30,28.69993,77.137154,0.0,0.0,0.0,0.0,0.0
DL51GD9029,2025-12-09T08:19:54+05:30,28.643999,77.240479,0.0,0.0,0.0,0.0,0.0
DL1PD7593,2025-12-09T08:19:54+05:30,28.61578,77.281204,0.0,0.0,0.0,0.0,0.0
DL1PD6682,2025-12-09T08:19:54+05:30,28.50938,77.179871,0.0,0.0,0.0,0.0,0.0
DL1PD8306,2025-12-09T08:19:54+05:30,28.646299,77.08403,0.0,0.0,0.0,0.0,0.0
DL1PD8296,2025-12-09T08:19:54+05:30,28.625013,77.101768,0.0,0.0,0.0,0.0,0.0
DL1PD7948,2025-12-09T08:19:54+05:30,28.642855,77.28167,0.0,0.0,0.0,0.0,0.0
DL51GD2016,2025-12-09T08:19:54+05:30,28.61986,77.017532,0.0,0.0,0.0,0.0,0.0
DL1PD6792,2025-12-09T08:19:54+05:30,28.57233,77.308678,0.0,0.0,0.0,0.0,0.0
DL51GD2383,2025-12-09T08:19:54+05:30,28.636288,77.095497,0.0,0.0,0.0,0.0,0.0
DL1PD7934,2025-12-09T08:19:54+05:30,28.587093,77.048271,0.0,0.0,0.0,0.0,0.0
DL51EV3107,2025-12-09T08:19:54+05:30,28.725491,77.163116,0.0,0.0,0.0,0.0,0.0
DL1PD8310,2025-12-09T08:19:54+05:30,28.56671,77.124001,0.0,0.0,0.0,0.0,0.0
DL51EV3120,2025-12-09T08:19:54+05:30,28.68479,77.168037,0.0,0.0,0.0,0.0,0.0
DL51EV0252,2025-12-09T08:19:54+05:30,28.585094,77.252838,0.0,0.0,0.0,0.0,0.0
DL51GD3298,2025-12-09T08:19:54+05:30,28.63628,77.241257,0.0,0.0,0.0,0.0,0.0
DL51EV4299,2025-12-09T08:19:54+05:30,28.579729,77.197906,0.0,0.0,0.0,0.0,0.0
DL51EV3504,2025-12-09T08:19:54+05:30,28.692547,77.154488,0.0,0.0,0.0,0.0,0.0
DL51GD3991,2025-12-09T08:19:54+05:30,28.672871,77.147491,0.0,0.0,0.0,0.0,0.0
DL51EV3194,2025-12-09T08:19:54+05:30,28.669628,77.228554,0.0,0.0,0.0,0.0,0.0
DL51GD8516,2025-12-09T08:19:54+05:30,28.624695,77.110695,0.0,0.0,0.0,0.0,0.0
DL1PD8484,2025-12-09T08:19:54+05:30,28.720798,77.159592,0.0,0.0,0.0,0.0,0.0
DL1PD7556,2025-12-09T08:19:54+05:30,28.697639,77.314949,0.0,0.0,0.0,0.0,0.0
DL51EV9859,2025-12-09T08:19:54+05:30,28.61039,77.214531,0.0,0.0,0.0,0.0,0.0
DL51EV8659,2025-12-09T08:19:54+05:30,28.557819,77.217339,0.0,0.0,0.0,0.0,0.0
DL51EV4956,2025-12-09T08:19:54+05:30,28.502439,77.283371,0.0,0.0,0.0,0.0,0.0
DL51GD8599,2025-12-09T08:19:54+05:30,28.698141,77.133858,0.0,0.0,0.0,0.0,0.0
DL51EV9848,2025-12-09T08:19:54+05:30,28.582239,77.168114,0.0,0.0,0.0,0.0,0.0
DL51EV1780,2025-12-09T08:19:54+05:30,28.669161,77.228363,0.0,0.0,0.0,0.0,0.0
DL1PD7563,2025-12-09T08:19:54+05:30,28.65963,77.315033,0.0,0.0,0.0,0.0,0.0
DL1PD8380,2025-12-09T08:19:54+05:30,28.582439,77.04998,0.0,0.0,0.0,0.0,0.0
DL51EV1718,2025-12-09T08:19:54+05:30,28.522848,77.196609,0.0,0.0,0.0,0.0,0.0
DL51EV4994,2025-12-09T08:19:54+05:30,28.57778,77.198898,0.0,0.0,0.0,0.0,0.0
DL51EV8538,2025-12-09T08:19:54+05:30,28.638029,77.22348,0.0,0.0,0.0,0.0,0.0
DL51EV9651,2025-12-09T08:19:54+05:30,28.569719,77.200302,0.0,0.0,0.0,0.0,0.0
DL1PD7836,2025-12-09T08:19:54+05:30,28.692921,77.20105,0.0,0.0,0.0,0.0,0.0
DL1PD8477,2025-12-09T08:19:54+05:30,28.586784,77.047852,0.0,0.0,0.0,0.0,0.0
DL51GD2568,2025-12-09T08:19:54+05:30,28.607719,77.104111,0.0,0.0,0.0,0.0,0.0
DL1PD7506,2025-12-09T08:19:54+05:30,28.56666,77.252968,0.0,0.0,0.0,0.0,0.0
DL51EV4811,2025-12-09T08:19:53+05:30,28.634319,77.217072,0.0,0.0,0.0,0.0,0.0
DL51EV0469,2025-12-09T08:19:53+05:30,28.725731,77.162971,0.0,0.0,0.0,0.0,0.0
DL51EV1749,2025-12-09T08:19:53+05:30,28.527637,77.257393,0.0,0.0,0.0,0.0,0.0
DL1PD7653,2025-12-09T08:19:53+05:30,28.668013,77.249886,0.0,0.0,0.0,0.0,0.0
DL1PD7645,2025-12-09T08:19:53+05:30,28.640268,77.293594,0.0,0.0,0.0,0.0,0.0
DL51EV9844,2025-12-09T08:19:53+05:30,28.601299,77.211418,0.0,0.0,0.0,0.0,0.0
DL1PD8160,2025-12-09T08:19:53+05:30,28.68611,77.170708,0.0,0.0,0.0,0.0,0.0
DL1PD7095,2025-12-09T08:19:53+05:30,28.55682,77.184212,0.0,0.0,0.0,0.0,0.0
DL51EV9807,2025-12-09T08:19:53+05:30,28.654169,77.153877,0.0,0.0,0.0,0.0,0.0
DL1PD7094,2025-12-09T08:19:53+05:30,28.66222,77.182587,0.0,0.0,0.0,0.0,0.0
DL51EV9851,2025-12-09T08:19:53+05:30,28.576731,77.229469,0.0,0.0,0.0,0.0,0.0
DL51EV8867,2025-12-09T08:19:53+05:30,28.524469,77.230164,0.0,0.0,0.0,0.0,0.0
DL1PD7432,2025-12-09T08:19:53+05:30,28.553801,77.212517,0.0,0.0,0.0,0.0,0.0
DL1PD6726,2025-12-09T08:19:53+05:30,28.631725,77.149055,0.0,0.0,0.0,0.0,0.0
DL1PD8298,2025-12-09T08:19:53+05:30,28.660078,77.188728,0.0,0.0,0.0,0.0,0.0
DL51EV9659,2025-12-09T08:19:53+05:30,28.6064,77.217751,0.0,0.0,0.0,0.0,0.0
DL51GD9274,2025-12-09T08:19:53+05:30,28.66164,77.183853,0.0,0.0,0.0,0.0,0.0
DL1PD8289,2025-12-09T08:19:53+05:30,28.594061,77.075569,0.0,0.0,0.0,0.0,0.0
DL51EV9633,2025-12-09T08:19:53+05:30,28.509392,77.178337,0.0,0.0,0.0,0.0,0.0
DL51EV3746,2025-12-09T08:19:53+05:30,28.66733,77.164108,0.0,0.0,0.0,0.0,0.0
DL51GD8945,2025-12-09T08:19:53+05:30,28.516962,77.227051,0.0,0.0,0.0,0.0,0.0
DL1PD6893,2025-12-09T08:19:53+05:30,28.666519,77.21804,0.0,0.0,0.0,0.0,0.0
DL51EV3196,2025-12-09T08:19:53+05:30,28.60247,77.325447,0.0,0.0,0.0,0.0,0.0
DL51EV4937,2025-12-09T08:19:53+05:30,28.553591,77.264923,0.0,0.0,0.0,0.0,0.0
DL1PD7235,2025-12-09T08:19:53+05:30,28.632542,77.215691,0.0,0.0,0.0,0.0,0.0
DL1PD7860,2025-12-09T08:19:53+05:30,28.6057,77.215157,0.0,0.0,0.0,0.0,0.0
DL1PD7493,2025-12-09T08:19:53+05:30,28.54048,77.185165,0.0,0.0,0.0,0.0,0.0
DL51EV9632,2025-12-09T08:19:53+05:30,28.616859,77.317871,0.0,0.0,0.0,0.0,0.0
DL51EV9631,2025-12-09T08:19:53+05:30,28.58473,77.172371,0.0,0.0,0.0,0.0,0.0
DL51EV3546,2025-12-09T08:19:53+05:30,28.69315,77.154701,0.0,0.0,0.0,0.0,0.0
DL51EV9619,2025-12-09T08:19:53+05:30,28.619909,77.037979,0.0,0.0,0.0,0.0,0.0
DL51EV0926,2025-12-09T08:19:53+05:30,28.746931,77.095703,0.0,0.0,0.0,0.0,0.0
DL51EV9618,2025-12-09T08:19:53+05:30,28.626369,77.223358,0.0,0.0,0.0,0.0,0.0
DL51EV8641,2025-12-09T08:19:53+05:30,28.56098,77.266968,0.0,0.0,0.0,0.0,0.0
DL1PD7896,2025-12-09T08:19:53+05:30,28.713509,77.318848,0.0,0.0,0.0,0.0,0.0
DL51GD3208,2025-12-09T08:19:53+05:30,28.637171,77.129921,0.0,0.0,0.0,0.0,0.0
DL1PD8354,2025-12-09T08:19:53+05:30,28.57057,77.134499,0.0,0.0,0.0,0.0,0.0
DL1PD8292,2025-12-09T08:19:53+05:30,28.58181,77.095238,0.0,0.0,0.0,0.0,0.0
DL1PD7701,2025-12-09T08:19:53+05:30,28.561068,77.347069,0.0,0.0,0.0,0.0,0.0
DL51EV1691,2025-12-09T08:19:53+05:30,28.596359,77.25634,0.0,0.0,0.0,0.0,0.0
DL51EV1721,2025-12-09T08:19:53+05:30,28.669863,77.280869,0.0,0.0,0.0,0.0,0.0
DL1PD8231,2025-12-09T08:19:53+05:30,28.56381,77.123611,0.0,0.0,0.0,0.0,0.0
DL1PD7611,2025-12-09T08:19:53+05:30,28.641253,77.295258,0.0,0.0,0.0,0.0,0.0
DL1PD6894,2025-12-09T08:19:53+05:30,28.683559,77.222183,0.0,0.0,0.0,0.0,0.0
DL1PD7497,2025-12-09T08:19:53+05:30,28.54294,77.165771,0.0,0.0,0.0,0.0,0.0
DL51EV0935,2025-12-09T08:19:53+05:30,28.667589,77.136238,0.0,0.0,0.0,0.0,0.0
DL1PD8083,2025-12-09T08:19:53+05:30,28.698416,77.206139,0.0,0.0,0.0,0.0,0.0
DL1PD7181,2025-12-09T08:19:53+05:30,28.630199,77.218102,0.0,0.0,0.0,0.0,0.0
DL51GD8726,2025-12-09T08:19:53+05:30,28.638252,77.146652,0.0,0.0,0.0,0.0,0.0
DL1PD7885,2025-12-09T08:19:53+05:30,28.54534,77.109596,0.0,0.0,0.0,0.0,0.0
DL51EV9785,2025-12-09T08:19:53+05:30,28.52886,77.257957,0.0,0.0,0.0,0.0,0.0
DL1PD8401,2025-12-09T08:19:53+05:30,28.575937,77.160622,0.0,0.0,0.0,0.0,0.0
DL51EV1688,2025-12-09T08:19:53+05:30,28.645792,77.297363,0.0,0.0,0.0,0.0,0.0
DL51EV3111,2025-12-09T08:19:53+05:30,28.694818,77.156387,0.0,0.0,0.0,0.0,0.0
DL1PD7744,2025-12-09T08:19:53+05:30,28.605291,77.306816,0.0,0.0,0.0,0.0,0.0
DL51GD2991,2025-12-09T08:19:53+05:30,28.603939,77.044777,0.0,0.0,0.0,0.0,0.0
DL51EV3626,2025-12-09T08:19:53+05:30,28.692986,77.154663,0.0,0.0,0.0,0.0,0.0
DL1PD7396,2025-12-09T08:19:53+05:30,28.61834,77.286842,0.0,0.0,0.0,0.0,0.0
DL51EV1467,2025-12-09T08:19:53+05:30,28.618879,77.336075,0.0,0.0,0.0,0.0,0.0
DL51EV1278,2025-12-09T08:19:53+05:30,28.711559,77.204422,0.0,0.0,0.0,0.0,0.0
DL1PD7196,2025-12-09T08:19:53+05:30,28.590858,77.233391,0.0,0.0,0.0,0.0,0.0
DL1PD8524,2025-12-09T08:19:53+05:30,28.633606,77.218689,0.0,0.0,0.0,0.0,0.0
DL51GD9055,2025-12-09T08:19:53+05:30,28.67387,77.225708,0.0,0.0,0.0,0.0,0.0
DL51EV3645,2025-12-09T08:19:53+05:30,28.69248,77.15461,0.0,0.0,0.0,0.0,0.0
DL1PD7919,2025-12-09T08:19:53+05:30,28.54641,77.046097,0.0,0.0,0.0,0.0,0.0
DL51EV0933,2025-12-09T08:19:53+05:30,28.69099,77.19249,0.0,0.0,0.0,0.0,0.0
DL51EV9660,2025-12-09T08:19:53+05:30,28.61014,77.229492,0.0,0.0,0.0,0.0,0.0
DL1PD7547,2025-12-09T08:19:53+05:30,28.6127,77.306458,0.0,0.0,0.0,0.0,0.0
DL51EV9716,2025-12-09T08:19:53+05:30,28.54682,77.249901,0.0,0.0,0.0,0.0,0.0
DL1PD8567,2025-12-09T08:19:53+05:30,28.582352,77.163895,0.0,0.0,0.0,0.0,0.0
DL1PD6681,2025-12-09T08:19:53+05:30,28.5725,77.189911,0.0,0.0,0.0,0.0,0.0
DL51EV9674,2025-12-09T08:19:53+05:30,28.68154,77.075867,0.0,0.0,0.0,0.0,0.0
DL1PD6691,2025-12-09T08:19:52+05:30,28.660145,77.14476,0.0,0.0,0.0,0.0,0.0
DL51EV8608,2025-12-09T08:19:52+05:30,28.55755,77.240013,0.0,0.0,0.0,0.0,0.0
DL51EV1427,2025-12-09T08:19:52+05:30,28.644951,77.297852,0.0,0.0,0.0,0.0,0.0
DL51EV8524,2025-12-09T08:19:52+05:30,28.66844,77.225594,0.0,0.0,0.0,0.0,0.0
DL1PD6965,2025-12-09T08:19:52+05:30,28.564131,77.33564,0.0,0.0,0.0,0.0,0.0
DL1PD7514,2025-12-09T08:19:52+05:30,28.698696,77.321602,0.0,0.0,0.0,0.0,0.0
DL51GD9280,2025-12-09T08:19:52+05:30,28.603149,77.24028,0.0,0.0,0.0,0.0,0.0
DL1PD6811,2025-12-09T08:19:52+05:30,28.717199,77.101089,0.0,0.0,0.0,0.0,0.0
DL1PD7656,2025-12-09T08:19:52+05:30,28.722139,77.276123,0.0,0.0,0.0,0.0,0.0
DL51EV4251,2025-12-09T08:19:52+05:30,28.508341,77.299797,0.0,0.0,0.0,0.0,0.0
DL51EV9755,2025-12-09T08:19:52+05:30,28.518749,77.211304,0.0,0.0,0.0,0.0,0.0
DL51EV8595,2025-12-09T08:19:52+05:30,28.52763,77.257538,0.0,0.0,0.0,0.0,0.0
DL51GD2767,2025-12-09T08:19:52+05:30,28.62038,77.040543,0.0,0.0,0.0,0.0,0.0
DL1PD7029,2025-12-09T08:19:52+05:30,28.69837,77.309883,0.0,0.0,0.0,0.0,0.0
DL51EV3128,2025-12-09T08:19:52+05:30,28.585726,77.251961,0.0,0.0,0.0,0.0,0.0
DL51EV0539,2025-12-09T08:19:52+05:30,28.74563,77.102142,0.0,0.0,0.0,0.0,0.0
DL51EV3590,2025-12-09T08:19:52+05:30,28.561131,77.266937,0.0,0.0,0.0,0.0,0.0
DL1PD8480,2025-12-09T08:19:52+05:30,28.70101,77.18367,0.0,0.0,0.0,0.0,0.0
DL1PD6766,2025-12-09T08:19:52+05:30,28.731991,77.170929,0.0,0.0,0.0,0.0,0.0
DL51GD2280,2025-12-09T08:19:52+05:30,28.737875,77.083069,0.0,0.0,0.0,0.0,0.0
DL1PD7922,2025-12-09T08:19:52+05:30,28.63912,77.318939,0.0,0.0,0.0,0.0,0.0
DL51EV3740,2025-12-09T08:19:52+05:30,28.5137,77.234711,0.0,0.0,0.0,0.0,0.0
DL51EV1633,2025-12-09T08:19:52+05:30,28.682201,77.054329,0.0,0.0,0.0,0.0,0.0
DL51EV0402,2025-12-09T08:19:52+05:30,28.618677,77.2062,0.0,0.0,0.0,0.0,0.0
DL51EV0824,2025-12-09T08:19:52+05:30,28.780945,77.179932,0.0,0.0,0.0,0.0,0.0
DL1PD8311,2025-12-09T08:19:52+05:30,28.576326,77.161148,0.0,0.0,0.0,0.0,0.0
DL51EV9604,2025-12-09T08:19:52+05:30,28.57902,77.229477,0.0,0.0,0.0,0.0,0.0
DL51EV8574,2025-12-09T08:19:52+05:30,28.52426,77.19001,0.0,0.0,0.0,0.0,0.0
DL51EV3570,2025-12-09T08:19:52+05:30,28.607584,77.104401,0.0,0.0,0.0,0.0,0.0
DL51EV4177,2025-12-09T08:19:52+05:30,28.69356,77.2183,0.0,0.0,0.0,0.0,0.0
DL51GD9077,2025-12-09T08:19:52+05:30,28.67453,77.22554,0.0,0.0,0.0,0.0,0.0
DL51GD2376,2025-12-09T08:19:52+05:30,28.52142,77.183563,0.0,0.0,0.0,0.0,0.0
DL51GD8912,2025-12-09T08:19:52+05:30,28.556499,77.229401,0.0,0.0,0.0,0.0,0.0
DL1PD6750,2025-12-09T08:19:52+05:30,28.517717,77.214981,0.0,0.0,0.0,0.0,0.0
DL51EV9746,2025-12-09T08:19:52+05:30,28.60936,77.211807,0.0,0.0,0.0,0.0,0.0
DL51EV4226,2025-12-09T08:19:52+05:30,28.569799,77.188179,0.0,0.0,0.0,0.0,0.0
DL1PD6835,2025-12-09T08:19:52+05:30,28.590651,77.168427,0.0,0.0,0.0,0.0,0.0
DL1PD8404,2025-12-09T08:19:52+05:30,28.590427,77.082001,0.0,0.0,0.0,0.0,0.0
DL51GD2235,2025-12-09T08:19:52+05:30,28.628481,77.074661,0.0,0.0,0.0,0.0,0.0
DL1PD7958,2025-12-09T08:19:52+05:30,28.586994,77.048386,0.0,0.0,0.0,0.0,0.0
DL51EV3173,2025-12-09T08:19:52+05:30,28.537189,77.139122,0.0,0.0,0.0,0.0,0.0
DL51GD2544,2025-12-09T08:19:52+05:30,28.70924,77.081413,0.0,0.0,0.0,0.0,0.0
DL1PD6718,2025-12-09T08:19:52+05:30,28.682272,77.066475,0.0,0.0,0.0,0.0,0.0
DL1PD7644,2025-12-09T08:19:52+05:30,28.641216,77.314362,0.0,0.0,0.0,0.0,0.0
DL1PD8040,2025-12-09T08:19:52+05:30,28.66119,77.185257,0.0,0.0,0.0,0.0,0.0
DL51EV9769,2025-12-09T08:19:52+05:30,28.71055,77.175697,0.0,0.0,0.0,0.0,0.0
DL51EV9948,2025-12-09T08:19:52+05:30,28.508181,77.174408,0.0,0.0,0.0,0.0,0.0
DL51GD9615,2025-12-09T08:19:52+05:30,28.702877,77.088211,0.0,0.0,0.0,0.0,0.0
DL51GD8969,2025-12-09T08:19:52+05:30,28.626406,77.069977,0.0,0.0,0.0,0.0,0.0
DL51GD3915,2025-12-09T08:19:52+05:30,28.618839,77.075256,0.0,0.0,0.0,0.0,0.0
DL51EV9983,2025-12-09T08:19:52+05:30,28.564371,77.264374,0.0,0.0,0.0,0.0,0.0
DL51EV3722,2025-12-09T08:19:52+05:30,28.72493,77.058327,0.0,0.0,0.0,0.0,0.0
DL51EV8632,2025-12-09T08:19:52+05:30,28.575781,77.255829,0.0,0.0,0.0,0.0,0.0
DL51EV9774,2025-12-09T08:19:52+05:30,28.54381,77.208946,0.0,0.0,0.0,0.0,0.0
DL51GD9085,2025-12-09T08:19:51+05:30,28.62829,77.271347,0.0,0.0,0.0,0.0,0.0
DL1PD6960,2025-12-09T08:19:51+05:30,28.702789,77.274788,0.0,0.0,0.0,0.0,0.0
DL51EV1603,2025-12-09T08:19:51+05:30,28.67086,77.26564,0.0,0.0,0.0,0.0,0.0
DL51GD9048,2025-12-09T08:19:51+05:30,28.55224,77.246689,0.0,0.0,0.0,0.0,0.0
DL1PD8024,2025-12-09T08:19:51+05:30,28.67144,77.174911,0.0,0.0,0.0,0.0,0.0
DL51EV9752,2025-12-09T08:19:51+05:30,28.660046,77.144638,0.0,0.0,0.0,0.0,0.0
DL1PD7247,2025-12-09T08:19:51+05:30,28.717915,77.158203,0.0,0.0,0.0,0.0,0.0
DL1PD6889,2025-12-09T08:19:51+05:30,28.67573,77.225319,0.0,0.0,0.0,0.0,0.0
DL51GD3756,2025-12-09T08:19:51+05:30,28.695141,77.147774,0.0,0.0,0.0,0.0,0.0
DL51GD3916,2025-12-09T08:19:51+05:30,28.74914,77.096367,0.0,0.0,0.0,0.0,0.0
DL1PD6770,2025-12-09T08:19:51+05:30,28.610283,77.225342,0.0,0.0,0.0,0.0,0.0
DL51GD3976,2025-12-09T08:19:51+05:30,28.634928,77.20359,0.0,0.0,0.0,0.0,0.0
DL51EV0859,2025-12-09T08:19:51+05:30,28.698622,77.308838,0.0,0.0,0.0,0.0,0.0
DL1PD6694,2025-12-09T08:19:51+05:30,28.63839,77.129913,0.0,0.0,0.0,0.0,0.0
DL51EV4977,2025-12-09T08:19:51+05:30,28.55006,77.274742,0.0,0.0,0.0,0.0,0.0
DL1PD7666,2025-12-09T08:19:51+05:30,28.697426,77.315338,0.0,0.0,0.0,0.0,0.0
DL51EV3106,2025-12-09T08:19:51+05:30,28.68922,77.159431,0.0,0.0,0.0,0.0,0.0
DL51GD4270,2025-12-09T08:19:51+05:30,28.682932,77.094933,0.0,0.0,0.0,0.0,0.0
DL1PD7876,2025-12-09T08:19:51+05:30,28.645109,77.297783,0.0,0.0,0.0,0.0,0.0
DL51EV8971,2025-12-09T08:19:51+05:30,28.65423,77.236443,0.0,0.0,0.0,0.0,0.0
DL51EV1564,2025-12-09T08:19:51+05:30,28.704161,77.10096,0.0,0.0,0.0,0.0,0.0
DL51EV8514,2025-12-09T08:19:51+05:30,28.512011,77.24736,0.0,0.0,0.0,0.0,0.0
DL1PD7880,2025-12-09T08:19:51+05:30,28.65839,77.289673,0.0,0.0,0.0,0.0,0.0
DL51EV9918,2025-12-09T08:19:51+05:30,28.522961,77.196724,0.0,0.0,0.0,0.0,0.0
DL51EV8614,2025-12-09T08:19:51+05:30,28.645309,77.169189,0.0,0.0,0.0,0.0,0.0
DL51EV0969,2025-12-09T08:19:51+05:30,28.735161,77.155998,0.0,0.0,0.0,0.0,0.0
DL1PD6964,2025-12-09T08:19:51+05:30,28.599279,77.228416,0.0,0.0,0.0,0.0,0.0
DL51GD9281,2025-12-09T08:19:51+05:30,28.668249,77.09272,0.0,0.0,0.0,0.0,0.0
DL1PD6768,2025-12-09T08:19:51+05:30,28.625111,77.281609,0.0,0.0,0.0,0.0,0.0
DL1PD6752,2025-12-09T08:19:51+05:30,28.659389,77.144974,0.0,0.0,0.0,0.0,0.0
DL51GD9729,2025-12-09T08:19:51+05:30,28.743891,77.121048,0.0,0.0,0.0,0.0,0.0
DL51EV0664,2025-12-09T08:19:51+05:30,28.699579,77.15757,0.0,0.0,0.0,0.0,0.0
DL51GD9003,2025-12-09T08:19:51+05:30,28.622078,77.206291,0.0,0.0,0.0,0.0,0.0
DL1PD6947,2025-12-09T08:19:51+05:30,28.57321,77.259743,0.0,0.0,0.0,0.0,0.0
DL51GD8686,2025-12-09T08:19:51+05:30,28.674683,77.140587,0.0,0.0,0.0,0.0,0.0
DL1PD7615,2025-12-09T08:19:51+05:30,28.640291,77.293579,0.0,0.0,0.0,0.0,0.0
DL1PD7616,2025-12-09T08:19:51+05:30,28.667933,77.249985,0.0,0.0,0.0,0.0,0.0
DL1PD6939,2025-12-09T08:19:51+05:30,28.694441,77.315071,0.0,0.0,0.0,0.0,0.0
DL51EV9792,2025-12-09T08:19:51+05:30,28.67535,77.128319,0.0,0.0,0.0,0.0,0.0
DL1PD7627,2025-12-09T08:19:51+05:30,28.697687,77.314064,0.0,0.0,0.0,0.0,0.0
DL1PD7208,2025-12-09T08:19:51+05:30,28.642071,77.24057,0.0,0.0,0.0,0.0,0.0
DL51EV2557,2025-12-09T08:19:51+05:30,28.646364,77.314957,0.0,0.0,0.0,0.0,0.0
DL51EV9721,2025-12-09T08:19:51+05:30,28.618959,77.286369,0.0,0.0,0.0,0.0,0.0
DL1PD6754,2025-12-09T08:19:51+05:30,28.579451,77.214043,0.0,0.0,0.0,0.0,0.0
DL1PD6757,2025-12-09T08:19:51+05:30,28.640301,77.225372,0.0,0.0,0.0,0.0,0.0
DL1PD7939,2025-12-09T08:19:51+05:30,28.549494,77.119324,0.0,0.0,0.0,0.0,0.0
DL1PD8302,2025-12-09T08:19:51+05:30,28.587061,77.059914,0.0,0.0,0.0,0.0,0.0
DL1PD8347,2025-12-09T08:19:51+05:30,28.567261,77.065697,0.0,0.0,0.0,0.0,0.0
DL1PD7043,2025-12-09T08:19:51+05:30,28.66609,77.162613,0.0,0.0,0.0,0.0,0.0
DL1PD6886,2025-12-09T08:19:51+05:30,28.6255,77.247124,0.0,0.0,0.0,0.0,0.0
DL51EV9789,2025-12-09T08:19:51+05:30,28.621321,77.207481,0.0,0.0,0.0,0.0,0.0
DL1PD6872,2025-12-09T08:19:51+05:30,28.619631,77.248947,0.0,0.0,0.0,0.0,0.0
DL51GD2239,2025-12-09T08:19:51+05:30,28.66485,77.205727,0.0,0.0,0.0,0.0,0.0
DL1PD7952,2025-12-09T08:19:51+05:30,28.53661,77.148712,0.0,0.0,0.0,0.0,0.0
DL1PD7950,2025-12-09T08:19:51+05:30,28.586905,77.047844,0.0,0.0,0.0,0.0,0.0
DL51EV3188,2025-12-09T08:19:51+05:30,28.693855,77.156273,0.0,0.0,0.0,0.0,0.0
DL51GD3300,2025-12-09T08:19:51+05:30,28.639786,77.246887,0.0,0.0,0.0,0.0,0.0
DL51EV9681,2025-12-09T08:19:51+05:30,28.57951,77.214531,0.0,0.0,0.0,0.0,0.0
DL51EV9722,2025-12-09T08:19:51+05:30,28.616831,77.206062,0.0,0.0,0.0,0.0,0.0
DL1PD7465,2025-12-09T08:19:50+05:30,28.522511,77.197006,0.0,0.0,0.0,0.0,0.0
DL51EV9810,2025-12-09T08:19:50+05:30,28.523581,77.255402,0.0,0.0,0.0,0.0,0.0
DL1PD8153,2025-12-09T08:19:50+05:30,28.7246,77.214737,0.0,0.0,0.0,0.0,0.0
DL1PD7673,2025-12-09T08:19:50+05:30,28.697506,77.314522,0.0,0.0,0.0,0.0,0.0
DL51EV9882,2025-12-09T08:19:50+05:30,28.557989,77.173409,0.0,0.0,0.0,0.0,0.0
DL1PD7544,2025-12-09T08:19:50+05:30,28.626181,77.318687,0.0,0.0,0.0,0.0,0.0
DL51GD8692,2025-12-09T08:19:50+05:30,28.631729,77.125511,0.0,0.0,0.0,0.0,0.0
DL51GD9222,2025-12-09T08:19:50+05:30,28.56949,77.20446,0.0,0.0,0.0,0.0,0.0
DL51GD9063,2025-12-09T08:19:50+05:30,28.627817,77.205284,0.0,0.0,0.0,0.0,0.0
DL1PD7257,2025-12-09T08:19:50+05:30,28.73177,77.158386,0.0,0.0,0.0,0.0,0.0
DL51GD3162,2025-12-09T08:19:50+05:30,28.666121,77.221558,0.0,0.0,0.0,0.0,0.0
DL51GD8700,2025-12-09T08:19:50+05:30,28.59486,77.036263,0.0,0.0,0.0,0.0,0.0
DL51EV9720,2025-12-09T08:19:50+05:30,28.515642,77.226852,0.0,0.0,0.0,0.0,0.0
DL1PD6778,2025-12-09T08:19:50+05:30,28.660126,77.144447,0.0,0.0,0.0,0.0,0.0
DL51GD4372,2025-12-09T08:19:50+05:30,28.733049,77.026863,0.0,0.0,0.0,0.0,0.0
DL51GD3206,2025-12-09T08:19:50+05:30,28.685669,77.331123,0.0,0.0,0.0,0.0,0.0
DL1PD7728,2025-12-09T08:19:50+05:30,28.630787,77.311462,0.0,0.0,0.0,0.0,0.0
DL51EV9634,2025-12-09T08:19:50+05:30,28.512205,77.247406,0.0,0.0,0.0,0.0,0.0
DL1PD6716,2025-12-09T08:19:50+05:30,28.631973,77.215591,0.0,0.0,0.0,0.0,0.0
DL1PD7657,2025-12-09T08:19:50+05:30,28.605221,77.305931,0.0,0.0,0.0,0.0,0.0
DL51EV9753,2025-12-09T08:19:50+05:30,28.57304,77.237778,0.0,0.0,0.0,0.0,0.0
DL51EV9775,2025-12-09T08:19:50+05:30,28.571039,77.169823,0.0,0.0,0.0,0.0,0.0
DL51EV3014,2025-12-09T08:19:50+05:30,28.67885,77.100533,0.0,0.0,0.0,0.0,0.0
DL51EV3186,2025-12-09T08:19:50+05:30,28.561405,77.272682,0.0,0.0,0.0,0.0,0.0
DL1PD6910,2025-12-09T08:19:50+05:30,28.674259,77.286339,0.0,0.0,0.0,0.0,0.0
DL51EV2543,2025-12-09T08:19:50+05:30,28.61311,77.086372,0.0,0.0,0.0,0.0,0.0
DL51EV1840,2025-12-09T08:19:50+05:30,28.621115,77.285103,0.0,0.0,0.0,0.0,0.0
DL1PD8439,2025-12-09T08:19:50+05:30,28.553329,77.166138,0.0,0.0,0.0,0.0,0.0
DL51EV0424,2025-12-09T08:19:50+05:30,28.66741,77.222412,0.0,0.0,0.0,0.0,0.0
DL51EV0538,2025-12-09T08:19:50+05:30,28.735559,77.113213,0.0,0.0,0.0,0.0,0.0
DL51EV9756,2025-12-09T08:19:50+05:30,28.64328,77.225929,0.0,0.0,0.0,0.0,0.0
DL1PD7015,2025-12-09T08:19:50+05:30,28.660057,77.227676,0.0,0.0,0.0,0.0,0.0
DL51EV8580,2025-12-09T08:19:50+05:30,28.579109,77.238571,0.0,0.0,0.0,0.0,0.0
DL51EV1435,2025-12-09T08:19:50+05:30,28.671804,77.260902,0.0,0.0,0.0,0.0,0.0
DL51EV3122,2025-12-09T08:19:50+05:30,28.698311,77.139214,0.0,0.0,0.0,0.0,0.0
DL51EV3791,2025-12-09T08:19:50+05:30,28.70336,77.192398,0.0,0.0,0.0,0.0,0.0
DL1PD7222,2025-12-09T08:19:50+05:30,28.57432,77.229019,0.0,0.0,0.0,0.0,0.0
DL51EV1548,2025-12-09T08:19:50+05:30,28.557381,77.270576,0.0,0.0,0.0,0.0,0.0
DL1PD7034,2025-12-09T08:19:50+05:30,28.744961,77.137451,0.0,0.0,0.0,0.0,0.0
DL1PD8418,2025-12-09T08:19:50+05:30,28.576054,77.160782,0.0,0.0,0.0,0.0,0.0
DL51EV1679,2025-12-09T08:19:50+05:30,28.73782,77.154991,0.0,0.0,0.0,0.0,0.0
DL51EV3137,2025-12-09T08:19:50+05:30,28.63641,77.312897,0.0,0.0,0.0,0.0,0.0
DL1PD6904,2025-12-09T08:19:50+05:30,28.6891,77.329262,0.0,0.0,0.0,0.0,0.0
DL51EV9701,2025-12-09T08:19:50+05:30,28.637325,77.146561,0.0,0.0,0.0,0.0,0.0
DL51EV9088,2025-12-09T08:19:50+05:30,28.542242,77.265244,0.0,0.0,0.0,0.0,0.0
DL51EV9066,2025-12-09T08:19:50+05:30,28.50528,77.276978,0.0,0.0,0.0,0.0,0.0
DL51EV9706,2025-12-09T08:19:50+05:30,28.63452,77.188232,0.0,0.0,0.0,0.0,0.0
DL51EV9045,2025-12-09T08:19:50+05:30,28.528839,77.21315,0.0,0.0,0.0,0.0,0.0
DL51EV1139,2025-12-09T08:19:50+05:30,28.703188,77.10006,0.0,0.0,0.0,0.0,0.0
DL51EV9653,2025-12-09T08:19:50+05:30,28.584841,77.228607,0.0,0.0,0.0,0.0,0.0
DL51EV1754,2025-12-09T08:19:49+05:30,28.67185,77.260002,0.0,0.0,0.0,0.0,0.0
DL51EV9830,2025-12-09T08:19:49+05:30,28.67968,77.09185,0.0,0.0,0.0,0.0,0.0
DL51EV0422,2025-12-09T08:19:49+05:30,28.675449,77.20018,0.0,0.0,0.0,0.0,0.0
DL51EV0590,2025-12-09T08:19:49+05:30,28.62841,77.075882,0.0,0.0,0.0,0.0,0.0
DL51GD9668,2025-12-09T08:19:49+05:30,28.732149,77.140244,0.0,0.0,0.0,0.0,0.0
DL1PD7866,2025-12-09T08:19:49+05:30,28.555099,77.213768,0.0,0.0,0.0,0.0,0.0
DL1PD7228,2025-12-09T08:19:49+05:30,28.62994,77.277061,0.0,0.0,0.0,0.0,0.0
DL51GD9609,2025-12-09T08:19:49+05:30,28.71977,77.108482,0.0,0.0,0.0,0.0,0.0
DL51EV9734,2025-12-09T08:19:49+05:30,28.667139,77.1381,0.0,0.0,0.0,0.0,0.0
DL51EV4080,2025-12-09T08:19:49+05:30,28.6954,77.109581,0.0,0.0,0.0,0.0,0.0
DL51EV2696,2025-12-09T08:19:49+05:30,28.70125,77.198441,0.0,0.0,0.0,0.0,0.0
DL51GD8741,2025-12-09T08:19:49+05:30,28.62797,77.250557,0.0,0.0,0.0,0.0,0.0
DL51GD2611,2025-12-09T08:19:49+05:30,28.64636,77.240288,0.0,0.0,0.0,0.0,0.0
DL1PD6793,2025-12-09T08:19:49+05:30,28.552759,77.2117,0.0,0.0,0.0,0.0,0.0
DL51EV1779,2025-12-09T08:19:49+05:30,28.552031,77.273293,0.0,0.0,0.0,0.0,0.0
DL51GD8413,2025-12-09T08:19:49+05:30,28.726999,77.144043,0.0,0.0,0.0,0.0,0.0
DL51EV0403,2025-12-09T08:19:49+05:30,28.64142,77.128387,0.0,0.0,0.0,0.0,0.0
DL51EV4196,2025-12-09T08:19:49+05:30,28.702999,77.168037,0.0,0.0,0.0,0.0,0.0
DL51EV3567,2025-12-09T08:19:49+05:30,28.70326,77.264351,0.0,0.0,0.0,0.0,0.0
DL51GD4280,2025-12-09T08:19:49+05:30,28.73369,77.116203,0.0,0.0,0.0,0.0,0.0
DL51GD8672,2025-12-09T08:19:49+05:30,28.658674,77.144394,0.0,0.0,0.0,0.0,0.0
DL1PD7240,2025-12-09T08:19:49+05:30,28.64794,77.240128,0.0,0.0,0.0,0.0,0.0
DL51EV8946,2025-12-09T08:19:49+05:30,28.505739,77.276398,0.0,0.0,0.0,0.0,0.0
DL51GD9100,2025-12-09T08:19:48+05:30,28.560061,77.261612,0.0,0.0,0.0,0.0,0.0
DL51EV2653,2025-12-09T08:19:48+05:30,28.595909,77.198051,0.0,0.0,0.0,0.0,0.0
DL1PD6712,2025-12-09T08:19:48+05:30,28.52496,77.230232,0.0,0.0,0.0,0.0,0.0
DL51EV0443,2025-12-09T08:19:48+05:30,28.634121,77.217049,0.0,0.0,0.0,0.0,0.0
DL51EV1504,2025-12-09T08:19:48+05:30,28.703733,77.100945,0.0,0.0,0.0,0.0,0.0
DL51EV0934,2025-12-09T08:19:48+05:30,28.70159,77.221519,0.0,0.0,0.0,0.0,0.0
DL51GD8577,2025-12-09T08:19:48+05:30,28.640972,77.294525,0.0,0.0,0.0,0.0,0.0
DL1PD6743,2025-12-09T08:19:48+05:30,28.64703,77.204399,0.0,0.0,0.0,0.0,0.0
DL1PD6791,2025-12-09T08:19:48+05:30,28.64456,77.31675,0.0,0.0,0.0,0.0,0.0
DL51EV9773,2025-12-09T08:19:48+05:30,28.636221,77.09565,0.0,0.0,0.0,0.0,0.0
DL51EV9766,2025-12-09T08:19:48+05:30,28.61932,77.026894,0.0,0.0,0.0,0.0,0.0
DL51EV9891,2025-12-09T08:19:48+05:30,28.512091,77.248917,0.0,0.0,0.0,0.0,0.0
DL51GD2257,2025-12-09T08:19:48+05:30,28.787189,77.040703,0.0,0.0,0.0,0.0,0.0
DL51EV5052,2025-12-09T08:19:47+05:30,28.56547,77.245819,0.0,0.0,0.0,0.0,0.0
DL51EV3583,2025-12-09T08:19:47+05:30,28.71744,77.169823,0.0,0.0,0.0,0.0,0.0
DL51EV8675,2025-12-09T08:19:47+05:30,28.66778,77.135551,0.0,0.0,0.0,0.0,0.0
DL51EV8662,2025-12-09T08:19:47+05:30,28.62108,77.212486,0.0,0.0,0.0,0.0,0.0
DL1PD6930,2025-12-09T08:19:47+05:30,28.709049,77.22654,0.0,0.0,0.0,0.0,0.0
DL51EV9605,2025-12-09T08:19:47+05:30,28.626249,77.22332,0.0,0.0,0.0,0.0,0.0
DL51GD2589,2025-12-09T08:19:47+05:30,28.632669,77.215446,0.0,0.0,0.0,0.0,0.0
DL51EV0298,2025-12-09T08:19:47+05:30,28.716709,77.112602,0.0,0.0,0.0,0.0,0.0
DL51GD3971,2025-12-09T08:19:47+05:30,28.643232,77.225983,0.0,0.0,0.0,0.0,0.0
DL51EV1439,2025-12-09T08:19:47+05:30,28.68055,77.066643,0.0,0.0,0.0,0.0,0.0
DL51GD9209,2025-12-09T08:19:47+05:30,28.672701,77.147072,0.0,0.0,0.0,0.0,0.0
DL51EV2548,2025-12-09T08:19:47+05:30,28.577801,77.174599,0.0,0.0,0.0,0.0,0.0
DL51EV0895,2025-12-09T08:19:47+05:30,28.69997,77.142929,0.0,0.0,0.0,0.0,0.0
DL51EV0869,2025-12-09T08:19:47+05:30,28.727489,77.1978,0.0,0.0,0.0,0.0,0.0
DL51EV3794,2025-12-09T08:19:47+05:30,28.609501,77.105743,0.0,0.0,0.0,0.0,0.0
DL51EV3145,2025-12-09T08:19:46+05:30,28.682211,77.07048,0.0,0.0,0.0,0.0,0.0
DL1PD8460,2025-12-09T08:19:46+05:30,28.5905,77.037918,0.0,0.0,0.0,0.0,0.0
DL51EV0482,2025-12-09T08:19:46+05:30,28.694469,77.106361,0.0,0.0,0.0,0.0,0.0
DL51EV9650,2025-12-09T08:19:46+05:30,28.64468,77.240402,0.0,0.0,0.0,0.0,0.0
DL51EV9607,2025-12-09T08:19:46+05:30,28.645679,77.197517,0.0,0.0,0.0,0.0,0.0
DL51EV3864,2025-12-09T08:19:46+05:30,28.71143,77.228371,0.0,0.0,0.0,0.0,0.0
DL51EV8681,2025-12-09T08:19:46+05:30,28.59547,77.256691,0.0,0.0,0.0,0.0,0.0
DL1PD6937,2025-12-09T08:19:46+05:30,28.66914,77.227074,0.0,0.0,0.0,0.0,0.0
DL51EV3176,2025-12-09T08:19:46+05:30,28.73584,77.155296,0.0,0.0,0.0,0.0,0.0
DL51EV9723,2025-12-09T08:19:46+05:30,28.66025,77.144691,0.0,0.0,0.0,0.0,0.0
DL1PD8294,2025-12-09T08:19:46+05:30,28.64114,77.229736,0.0,0.0,0.0,0.0,0.0
DL51EV9763,2025-12-09T08:19:46+05:30,28.5487,77.256378,0.0,0.0,0.0,0.0,0.0
DL51EV5095,2025-12-09T08:19:45+05:30,28.501801,77.300148,0.0,0.0,0.0,0.0,0.0
DL51EV8591,2025-12-09T08:19:45+05:30,28.56592,77.26326,0.0,0.0,0.0,0.0,0.0
DL51EV8588,2025-12-09T08:19:45+05:30,28.511841,77.250519,0.0,0.0,0.0,0.0,0.0
DL51EV4908,2025-12-09T08:19:45+05:30,28.623051,77.225372,0.0,0.0,0.0,0.0,0.0
DL1PD7262,2025-12-09T08:19:45+05:30,28.5865,77.251328,0.0,0.0,0.0,0.0,0.0
DL51EV3177,2025-12-09T08:19:45+05:30,28.641821,77.20417,0.0,0.0,0.0,0.0,0.0
DL51GD9673,2025-12-09T08:19:45+05:30,28.70577,77.138649,0.0,0.0,0.0,0.0,0.0
DL51GD2279,2025-12-09T08:19:45+05:30,28.661461,77.184509,0.0,0.0,0.0,0.0,0.0
DL51EV9639,2025-12-09T08:19:45+05:30,28.544901,77.264008,0.0,0.0,0.0,0.0,0.0
DL51EV3751,2025-12-09T08:19:45+05:30,28.717581,77.003822,0.0,0.0,0.0,0.0,0.0
DL51GD9288,2025-12-09T08:19:45+05:30,28.66411,77.131973,0.0,0.0,0.0,0.0,0.0
DL1PD6902,2025-12-09T08:19:44+05:30,28.73255,77.246223,0.0,0.0,0.0,0.0,0.0
DL51EV4883,2025-12-09T08:19:44+05:30,28.579597,77.214088,0.0,0.0,0.0,0.0,0.0
DL1PD7515,2025-12-09T08:19:44+05:30,28.507334,77.176506,0.0,0.0,0.0,0.0,0.0
DL1PD8020,2025-12-09T08:19:44+05:30,28.66675,77.169121,0.0,0.0,0.0,0.0,0.0
DL51GD8979,2025-12-09T08:19:44+05:30,28.645531,77.168541,0.0,0.0,0.0,0.0,0.0
DL51EV1719,2025-12-09T08:19:44+05:30,28.66538,77.204224,0.0,0.0,0.0,0.0,0.0
DL51EV9715,2025-12-09T08:19:44+05:30,28.6539,77.236313,0.0,0.0,0.0,0.0,0.0
DL51GD3757,2025-12-09T08:19:44+05:30,28.657669,77.272652,0.0,0.0,0.0,0.0,0.0
DL51EV9615,2025-12-09T08:19:44+05:30,28.52836,77.189941,0.0,0.0,0.0,0.0,0.0
DL51GD9686,2025-12-09T08:19:44+05:30,28.71838,77.168808,0.0,0.0,0.0,0.0,0.0
DL1PD7963,2025-12-09T08:19:44+05:30,28.666656,77.182243,0.0,0.0,0.0,0.0,0.0
DL51EV0829,2025-12-09T08:19:43+05:30,28.67556,77.124947,0.0,0.0,0.0,0.0,0.0
DL1PD7431,2025-12-09T08:19:43+05:30,28.73148,77.158562,0.0,0.0,0.0,0.0,0.0
DL51GD9581,2025-12-09T08:19:43+05:30,28.744579,77.118713,0.0,0.0,0.0,0.0,0.0
DL51GD8523,2025-12-09T08:19:43+05:30,28.673428,77.169418,0.0,0.0,0.0,0.0,0.0
DL51EV9689,2025-12-09T08:19:43+05:30,28.528469,77.257797,0.0,0.0,0.0,0.0,0.0
DL51EV0674,2025-12-09T08:19:43+05:30,28.716055,77.112335,0.0,0.0,0.0,0.0,0.0
DL1PD7369,2025-12-09T08:19:43+05:30,28.562229,77.25132,0.0,0.0,0.0,0.0,0.0
DL1PD8535,2025-12-09T08:19:43+05:30,28.57509,77.15876,0.0,0.0,0.0,0.0,0.0
DL51GD8710,2025-12-09T08:19:42+05:30,28.643635,77.316498,0.0,0.0,0.0,0.0,0.0
DL51EV9652,2025-12-09T08:19:42+05:30,28.65587,77.187141,0.0,0.0,0.0,0.0,0.0
DL51EV8666,2025-12-09T08:19:42+05:30,28.511734,77.251251,0.0,0.0,0.0,0.0,0.0
DL51GD4232,2025-12-09T08:19:42+05:30,28.55191,77.105652,0.0,0.0,0.0,0.0,0.0
DL51GD8688,2025-12-09T08:19:42+05:30,28.72768,77.144814,0.0,0.0,0.0,0.0,0.0
DL51EV0432,2025-12-09T08:19:42+05:30,28.653419,77.191399,0.0,0.0,0.0,0.0,0.0
DL1PD7882,2025-12-09T08:19:42+05:30,28.708258,77.177544,0.0,0.0,0.0,0.0,0.0
DL51EV1728,2025-12-09T08:19:41+05:30,28.55723,77.269989,0.0,0.0,0.0,0.0,0.0
DL51EV9682,2025-12-09T08:19:41+05:30,28.597851,77.240883,0.0,0.0,0.0,0.0,0.0
DL51EV3792,2025-12-09T08:19:41+05:30,28.64353,77.112289,0.0,0.0,0.0,0.0,0.0
DL1PD7482,2025-12-09T08:19:41+05:30,28.639151,77.31469,0.0,0.0,0.0,0.0,0.0
DL1PD6862,2025-12-09T08:19:41+05:30,28.5721,77.227692,0.0,0.0,0.0,0.0,0.0
DL51GD9266,2025-12-09T08:19:41+05:30,28.6038,77.156578,0.0,0.0,0.0,0.0,0.0
DL51GD8664,2025-12-09T08:19:41+05:30,28.63476,77.091301,0.0,0.0,0.0,0.0,0.0
DL51GD8606,2025-12-09T08:19:41+05:30,28.630091,77.079826,0.0,0.0,0.0,0.0,0.0
DL51GD8518,2025-12-09T08:19:41+05:30,28.628441,77.074471,0.0,0.0,0.0,0.0,0.0
DL51GD3743,2025-12-09T08:19:41+05:30,28.745621,77.101357,0.0,0.0,0.0,0.0,0.0
DL51GD8555,2025-12-09T08:19:40+05:30,28.64188,77.12851,0.0,0.0,0.0,0.0,0.0
DL51EV8959,2025-12-09T08:19:40+05:30,28.55822,77.239098,0.0,0.0,0.0,0.0,0.0
DL51EV0229,2025-12-09T08:19:40+05:30,28.695959,77.210251,0.0,0.0,0.0,0.0,0.0
DL1PD7585,2025-12-09T08:19:40+05:30,28.655174,77.236671,0.0,0.0,0.0,0.0,0.0
DL1PD8033,2025-12-09T08:19:40+05:30,28.66926,77.1465,0.0,0.0,0.0,0.0,0.0
DL51GD9275,2025-12-09T08:19:40+05:30,28.512138,77.247978,0.0,0.0,0.0,0.0,0.0
DL51EV4204,2025-12-09T08:19:40+05:30,28.566971,77.207687,0.0,0.0,0.0,0.0,0.0
DL1PD6680,2025-12-09T08:19:40+05:30,28.678089,77.105087,0.0,0.0,0.0,0.0,0.0
DL51EV1798,2025-12-09T08:19:39+05:30,28.6199,77.295303,0.0,0.0,0.0,0.0,0.0
DL51GD9300,2025-12-09T08:19:39+05:30,28.653971,77.236397,0.0,0.0,0.0,0.0,0.0
DL51EV3092,2025-12-09T08:19:39+05:30,28.708229,77.178337,0.0,0.0,0.0,0.0,0.0
DL51EV2658,2025-12-09T08:19:39+05:30,28.658251,77.182579,0.0,0.0,0.0,0.0,0.0
DL51GD9690,2025-12-09T08:19:39+05:30,28.6653,77.092438,0.0,0.0,0.0,0.0,0.0
DL51EV2542,2025-12-09T08:19:39+05:30,28.52285,77.19651,0.0,0.0,0.0,0.0,0.0
DL51EV3114,2025-12-09T08:19:39+05:30,28.65506,77.13781,0.0,0.0,0.0,0.0,0.0
DL51GD8942,2025-12-09T08:19:38+05:30,28.6835,77.095261,0.0,0.0,0.0,0.0,0.0
DL51GD4237,2025-12-09T08:19:38+05:30,28.63998,77.204491,0.0,0.0,0.0,0.0,0.0
DL51EV3169,2025-12-09T08:19:38+05:30,28.60136,77.229721,0.0,0.0,0.0,0.0,0.0
DL51EV9781,2025-12-09T08:19:38+05:30,28.6451,77.213402,0.0,0.0,0.0,0.0,0.0
DL51EV3105,2025-12-09T08:19:38+05:30,28.568729,77.216743,0.0,0.0,0.0,0.0,0.0
DL1PD6738,2025-12-09T08:19:38+05:30,28.66608,77.12748,0.0,0.0,0.0,0.0,0.0
DL1PD7669,2025-12-09T08:19:38+05:30,28.613264,77.315834,0.0,0.0,0.0,0.0,0.0
DL51EV1706,2025-12-09T08:19:38+05:30,28.502159,77.300056,0.0,0.0,0.0,0.0,0.0
DL51EV1763,2025-12-09T08:19:38+05:30,28.62805,77.24659,0.0,0.0,0.0,0.0,0.0
DL51EV0271,2025-12-09T08:19:37+05:30,28.653601,77.191307,0.0,0.0,0.0,0.0,0.0
DL51GD9076,2025-12-09T08:19:37+05:30,28.7075,77.180153,0.0,0.0,0.0,0.0,0.0
DL51EV0850,2025-12-09T08:19:37+05:30,28.634529,77.188377,0.0,0.0,0.0,0.0,0.0
DL1PD6758,2025-12-09T08:19:37+05:30,28.591881,77.212769,0.0,0.0,0.0,0.0,0.0
DL1PD7720,2025-12-09T08:19:37+05:30,28.693277,77.291801,0.0,0.0,0.0,0.0,0.0
DL1PD7927,2025-12-09T08:19:37+05:30,28.619659,77.285873,0.0,0.0,0.0,0.0,0.0
DL51GD4016,2025-12-09T08:19:37+05:30,28.700672,77.092728,0.0,0.0,0.0,0.0,0.0
DL51EV0534,2025-12-09T08:19:37+05:30,28.731001,77.039032,0.0,0.0,0.0,0.0,0.0
DL51EV3708,2025-12-09T08:19:36+05:30,28.660225,77.226204,0.0,0.0,0.0,0.0,0.0
DL51GD9066,2025-12-09T08:19:36+05:30,28.54241,77.240929,0.0,0.0,0.0,0.0,0.0
DL1PD6968,2025-12-09T08:19:36+05:30,28.663469,77.320648,0.0,0.0,0.0,0.0,0.0
DL51EV8998,2025-12-09T08:19:36+05:30,28.624479,77.24086,0.0,0.0,0.0,0.0,0.0
DL51GD4205,2025-12-09T08:19:36+05:30,28.64423,77.240433,0.0,0.0,0.0,0.0,0.0
DL51GD2216,2025-12-09T08:19:36+05:30,28.687799,77.115067,0.0,0.0,0.0,0.0,0.0
DL51GD4036,2025-12-09T08:19:36+05:30,28.67845,77.104317,0.0,0.0,0.0,0.0,0.0
DL51GD3122,2025-12-09T08:19:36+05:30,28.63615,77.094116,0.0,0.0,0.0,0.0,0.0
DL51EV1116,2025-12-09T08:19:35+05:30,28.77076,77.144188,0.0,0.0,0.0,0.0,0.0
DL51GD9079,2025-12-09T08:19:35+05:30,28.67432,77.135773,0.0,0.0,0.0,0.0,0.0
DL51EV8506,2025-12-09T08:19:35+05:30,28.51421,77.232468,0.0,0.0,0.0,0.0,0.0
DL51GD4066,2025-12-09T08:19:35+05:30,28.724899,77.128838,0.0,0.0,0.0,0.0,0.0
DL51EV0966,2025-12-09T08:19:35+05:30,28.67412,77.093643,0.0,0.0,0.0,0.0,0.0
DL1PD8204,2025-12-09T08:19:35+05:30,28.59124,77.058083,0.0,0.0,0.0,0.0,0.0
DL51GD9091,2025-12-09T08:19:34+05:30,28.708481,77.134911,0.0,0.0,0.0,0.0,0.0
DL51GD8791,2025-12-09T08:19:34+05:30,28.63619,77.096359,0.0,0.0,0.0,0.0,0.0
DL51GD9785,2025-12-09T08:19:34+05:30,28.576891,77.2295,0.0,0.0,0.0,0.0,0.0
DL51EV1283,2025-12-09T08:19:34+05:30,28.79837,77.178093,0.0,0.0,0.0,0.0,0.0
DL1PD7752,2025-12-09T08:19:34+05:30,28.650881,77.319519,0.0,0.0,0.0,0.0,0.0
DL51EV3116,2025-12-09T08:19:34+05:30,28.703854,77.100731,0.0,0.0,0.0,0.0,0.0
DL51EV3175,2025-12-09T08:19:33+05:30,28.669609,77.183098,0.0,0.0,0.0,0.0,0.0
DL51EV3733,2025-12-09T08:19:33+05:30,28.67367,77.169411,0.0,0.0,0.0,0.0,0.0
DL51EV0496,2025-12-09T08:19:33+05:30,28.70746,77.180382,0.0,0.0,0.0,0.0,0.0
DL51GD2613,2025-12-09T08:19:33+05:30,28.63954,77.24086,0.0,0.0,0.0,0.0,0.0
DL51EV1678,2025-12-09T08:19:33+05:30,28.62821,77.24971,0.0,0.0,0.0,0.0,0.0
DL51EV1870,2025-12-09T08:19:33+05:30,28.580721,77.190437,0.0,0.0,0.0,0.0,0.0
DL51EV1574,2025-12-09T08:19:33+05:30,28.63328,77.315598,0.0,0.0,0.0,0.0,0.0
DL51EV0212,2025-12-09T08:19:32+05:30,28.72047,77.140327,0.0,0.0,0.0,0.0,0.0
DL51EV4221,2025-12-09T08:19:32+05:30,28.54509,77.263962,0.0,0.0,0.0,0.0,0.0
DL1PD7812,2025-12-09T08:19:32+05:30,28.72168,77.159637,0.0,0.0,0.0,0.0,0.0
DL1PD7512,2025-12-09T08:19:32+05:30,28.6399,77.241096,0.0,0.0,0.0,0.0,0.0
DL1PD7943,2025-12-09T08:19:32+05:30,28.555201,77.050758,0.0,0.0,0.0,0.0,0.0
DL51EV1665,2025-12-09T08:19:32+05:30,28.66729,77.137413,0.0,0.0,0.0,0.0,0.0
DL51EV9890,2025-12-09T08:19:32+05:30,28.633631,77.173912,0.0,0.0,0.0,0.0,0.0
DL51GD8411,2025-12-09T08:19:32+05:30,28.636271,77.130669,0.0,0.0,0.0,0.0,0.0
DL51GD2259,2025-12-09T08:19:32+05:30,28.76111,77.058746,0.0,0.0,0.0,0.0,0.0
DL1PD7785,2025-12-09T08:19:32+05:30,28.673771,77.303108,0.0,0.0,0.0,0.0,0.0
DL51GD3716,2025-12-09T08:19:32+05:30,28.652781,77.15657,0.0,0.0,0.0,0.0,0.0
DL51EV3878,2025-12-09T08:19:31+05:30,28.64769,77.119667,0.0,0.0,0.0,0.0,0.0
DL1PD6805,2025-12-09T08:19:31+05:30,28.65074,77.125198,0.0,0.0,0.0,0.0,0.0
DL51EV9984,2025-12-09T08:19:31+05:30,28.561729,77.207397,0.0,0.0,0.0,0.0,0.0
DL51EV9656,2025-12-09T08:19:31+05:30,28.58886,77.246559,0.0,0.0,0.0,0.0,0.0
DL51EV1583,2025-12-09T08:19:31+05:30,28.61314,77.322861,0.0,0.0,0.0,0.0,0.0
DL51EV3883,2025-12-09T08:19:31+05:30,28.681414,77.076447,0.0,0.0,0.0,0.0,0.0
DL51GD2653,2025-12-09T08:19:31+05:30,28.63991,77.240761,0.0,0.0,0.0,0.0,0.0
DL51EV9663,2025-12-09T08:19:31+05:30,28.63748,77.241203,0.0,0.0,0.0,0.0,0.0
DL51EV3184,2025-12-09T08:19:30+05:30,28.62826,77.24913,0.0,0.0,0.0,0.0,0.0
DL51EV4846,2025-12-09T08:19:30+05:30,28.516359,77.224037,0.0,0.0,0.0,0.0,0.0
DL51EV1723,2025-12-09T08:19:30+05:30,28.62639,77.309113,0.0,0.0,0.0,0.0,0.0
DL51EV1463,2025-12-09T08:19:30+05:30,28.580355,77.266693,0.0,0.0,0.0,0.0,0.0
DL51EV3762,2025-12-09T08:19:30+05:30,28.69779,77.169113,0.0,0.0,0.0,0.0,0.0
DL51GD4100,2025-12-09T08:19:29+05:30,28.66025,77.183327,0.0,0.0,0.0,0.0,0.0
DL51EV1697,2025-12-09T08:19:29+05:30,28.52153,77.183517,0.0,0.0,0.0,0.0,0.0
DL1PD6739,2025-12-09T08:19:29+05:30,28.67959,77.096031,0.0,0.0,0.0,0.0,0.0
DL1PD8369,2025-12-09T08:19:29+05:30,28.71974,77.068321,0.0,0.0,0.0,0.0,0.0
DL51EV9907,2025-12-09T08:19:29+05:30,28.65661,77.139999,0.0,0.0,0.0,0.0,0.0
DL51GD9227,2025-12-09T08:19:28+05:30,28.558929,77.237411,0.0,0.0,0.0,0.0,0.0
DL51EV4218,2025-12-09T08:19:28+05:30,28.51757,77.227158,0.0,0.0,0.0,0.0,0.0
DL51GD8789,2025-12-09T08:19:28+05:30,28.6024,77.054893,0.0,0.0,0.0,0.0,0.0
DL51GD9141,2025-12-09T08:19:28+05:30,28.66988,77.183228,0.0,0.0,0.0,0.0,0.0
DL51GD9726,2025-12-09T08:19:28+05:30,28.64875,77.318237,0.0,0.0,0.0,0.0,0.0
DL51EV1782,2025-12-09T08:19:28+05:30,28.67079,77.160133,0.0,0.0,0.0,0.0,0.0
DL51EV0458,2025-12-09T08:19:27+05:30,28.64728,77.246521,0.0,0.0,0.0,0.0,0.0
DL1PD6949,2025-12-09T08:19:27+05:30,28.64924,77.318382,0.0,0.0,0.0,0.0,0.0
DL51EV1001,2025-12-09T08:19:27+05:30,28.781151,77.141724,0.0,0.0,0.0,0.0,0.0
DL1PD7936,2025-12-09T08:19:26+05:30,28.582529,77.163918,0.0,0.0,0.0,0.0,0.0
DL51GD2234,2025-12-09T08:19:26+05:30,28.732121,77.18425,0.0,0.0,0.0,0.0,0.0
DL1PD7598,2025-12-09T08:19:26+05:30,28.67631,77.25676,0.0,0.0,0.0,0.0,0.0
DL51EV8686,2025-12-09T08:19:26+05:30,28.556471,77.268791,0.0,0.0,0.0,0.0,0.0
DL51GD9056,2025-12-09T08:19:26+05:30,28.70236,77.278282,0.0,0.0,0.0,0.0,0.0
DL51EV1897,2025-12-09T08:19:26+05:30,28.566601,77.189377,0.0,0.0,0.0,0.0,0.0
DL51EV0447,2025-12-09T08:19:25+05:30,28.75103,77.081223,0.0,0.0,0.0,0.0,0.0
DL1PD7748,2025-12-09T08:19:25+05:30,28.64986,77.318909,0.0,0.0,0.0,0.0,0.0
DL51EV8633,2025-12-09T08:19:25+05:30,28.548662,77.255707,0.0,0.0,0.0,0.0,0.0
DL1PD7879,2025-12-09T08:19:24+05:30,28.70681,77.182243,0.0,0.0,0.0,0.0,0.0
DL1PD7640,2025-12-09T08:19:24+05:30,28.605141,77.296577,0.0,0.0,0.0,0.0,0.0
DL51GD2731,2025-12-09T08:19:24+05:30,28.619459,77.026329,0.0,0.0,0.0,0.0,0.0
DL51EV1077,2025-12-09T08:19:23+05:30,28.67384,77.24794,0.0,0.0,0.0,0.0,0.0
DL1PD7381,2025-12-09T08:19:23+05:30,28.524839,77.254044,0.0,0.0,0.0,0.0,0.0
DL1PD7510,2025-12-09T08:19:23+05:30,28.51602,77.20578,0.0,0.0,0.0,0.0,0.0
DL51GD9234,2025-12-09T08:19:23+05:30,28.703341,77.264542,0.0,0.0,0.0,0.0,0.0
DL51GD9519,2025-12-09T08:19:23+05:30,28.70402,77.222557,0.0,0.0,0.0,0.0,0.0
DL51GD2223,2025-12-09T08:19:23+05:30,28.70377,77.130692,0.0,0.0,0.0,0.0,0.0
DL1PD7617,2025-12-09T08:19:22+05:30,28.691441,77.310539,0.0,0.0,0.0,0.0,0.0
DL51EV1708,2025-12-09T08:19:22+05:30,28.646641,77.31469,0.0,0.0,0.0,0.0,0.0
DL51EV1680,2025-12-09T08:19:22+05:30,28.52376,77.25605,0.0,0.0,0.0,0.0,0.0
DL1PD7002,2025-12-09T08:19:21+05:30,28.647449,77.165092,0.0,0.0,0.0,0.0,0.0
DL1PD7663,2025-12-09T08:19:21+05:30,28.620319,77.285553,0.0,0.0,0.0,0.0,0.0
DL1PD7537,2025-12-09T08:19:21+05:30,28.54315,77.211967,0.0,0.0,0.0,0.0,0.0
DL51EV3723,2025-12-09T08:19:20+05:30,28.7362,77.155052,0.0,0.0,0.0,0.0,0.0
DL1PD7550,2025-12-09T08:19:20+05:30,28.52372,77.206589,0.0,0.0,0.0,0.0,0.0
DL1PD7779,2025-12-09T08:19:20+05:30,28.60708,77.327507,0.0,0.0,0.0,0.0,0.0
DL1PD7518,2025-12-09T08:19:20+05:30,28.551319,77.170067,0.0,0.0,0.0,0.0,0.0
DL51EV0411,2025-12-09T08:19:19+05:30,28.62875,77.075706,0.0,0.0,0.0,0.0,0.0
DL1PD7730,2025-12-09T08:19:19+05:30,28.599899,77.306992,0.0,0.0,0.0,0.0,0.0
DL1PD7559,2025-12-09T08:19:19+05:30,28.52825,77.203453,0.0,0.0,0.0,0.0,0.0
DL1PD6900,2025-12-09T08:19:19+05:30,28.599751,77.228378,0.0,0.0,0.0,0.0,0.0
DL1PD7662,2025-12-09T08:19:18+05:30,28.618971,77.319763,0.0,0.0,0.0,0.0,0.0
DL51EV4894,2025-12-09T08:19:18+05:30,28.506384,77.175056,0.0,0.0,0.0,0.0,0.0
DL1PD7654,2025-12-09T08:19:18+05:30,28.603491,77.311722,0.0,0.0,0.0,0.0,0.0
DL1PD8209,2025-12-09T08:19:18+05:30,28.605579,77.126457,0.0,0.0,0.0,0.0,0.0
DL1PD7410,2025-12-09T08:19:18+05:30,28.520309,77.228188,0.0,0.0,0.0,0.0,0.0
DL51EV9767,2025-12-09T08:19:18+05:30,28.56662,77.207558,0.0,0.0,0.0,0.0,0.0
DL1PD7703,2025-12-09T08:19:18+05:30,28.59716,77.344368,0.0,0.0,0.0,0.0,0.0
DL1PD7609,2025-12-09T08:19:18+05:30,28.62536,77.232193,0.0,0.0,0.0,0.0,0.0
DL1PD7582,2025-12-09T08:19:18+05:30,28.64094,77.236504,0.0,0.0,0.0,0.0,0.0
DL51EV3138,2025-12-09T08:19:18+05:30,28.51199,77.250938,0.0,0.0,0.0,0.0,0.0
DL1PD7507,2025-12-09T08:19:18+05:30,28.510059,77.171303,0.0,0.0,0.0,0.0,0.0
DL1PD7852,2025-12-09T08:19:17+05:30,28.636049,77.309143,0.0,0.0,0.0,0.0,0.0
DL51GD9529,2025-12-09T08:19:17+05:30,28.69277,77.154388,0.0,0.0,0.0,0.0,0.0
DL51EV0123,2025-12-09T08:19:17+05:30,28.717113,77.10128,0.0,0.0,0.0,0.0,0.0
DL1PD7548,2025-12-09T08:19:17+05:30,28.50255,77.169243,0.0,0.0,0.0,0.0,0.0
DL1PD7674,2025-12-09T08:19:17+05:30,28.640459,77.283142,0.0,0.0,0.0,0.0,0.0
DL51GD8543,2025-12-09T08:19:17+05:30,28.644819,77.194939,0.0,0.0,0.0,0.0,0.0
DL1PD7603,2025-12-09T08:19:17+05:30,28.628639,77.274841,0.0,0.0,0.0,0.0,0.0
DL51EV8832,2025-12-09T08:19:17+05:30,28.522869,77.190063,0.0,0.0,0.0,0.0,0.0
DL1PD7642,2025-12-09T08:19:17+05:30,28.651711,77.267616,0.0,0.0,0.0,0.0,0.0
DL51GD8917,2025-12-09T08:19:17+05:30,28.613951,77.10643,0.0,0.0,0.0,0.0,0.0
DL1PD7573,2025-12-09T08:19:16+05:30,28.56123,77.249283,0.0,0.0,0.0,0.0,0.0
DL1PD7513,2025-12-09T08:19:16+05:30,28.53203,77.227028,0.0,0.0,0.0,0.0,0.0
DL51EV8575,2025-12-09T08:19:16+05:30,28.555731,77.327492,0.0,0.0,0.0,0.0,0.0
DL1PD7723,2025-12-09T08:19:16+05:30,28.702299,77.278374,0.0,0.0,0.0,0.0,0.0
DL51GD9039,2025-12-09T08:19:16+05:30,28.62792,77.244423,0.0,0.0,0.0,0.0,0.0
DL51EV3834,2025-12-09T08:19:16+05:30,28.68762,77.162193,0.0,0.0,0.0,0.0,0.0
DL1PD7594,2025-12-09T08:19:16+05:30,28.669689,77.310593,0.0,0.0,0.0,0.0,0.0
DL1PD7588,2025-12-09T08:19:16+05:30,28.605289,77.306488,0.0,0.0,0.0,0.0,0.0
DL1PD7786,2025-12-09T08:19:16+05:30,28.62829,77.278267,0.0,0.0,0.0,0.0,0.0
DL1PD7587,2025-12-09T08:19:15+05:30,28.65543,77.29174,0.0,0.0,0.0,0.0,0.0
DL1PD7516,2025-12-09T08:19:15+05:30,28.541389,77.238441,0.0,0.0,0.0,0.0,0.0
DL51EV0896,2025-12-09T08:19:15+05:30,28.6931,77.153442,0.0,0.0,0.0,0.0,0.0
DL51EV3730,2025-12-09T08:19:15+05:30,28.67477,77.13102,0.0,0.0,0.0,0.0,0.0
DL1PD7850,2025-12-09T08:19:15+05:30,28.607929,77.309433,0.0,0.0,0.0,0.0,0.0
DL1PD7664,2025-12-09T08:19:15+05:30,28.677031,77.272034,0.0,0.0,0.0,0.0,0.0
DL1PD7495,2025-12-09T08:19:14+05:30,28.53565,77.242943,0.0,0.0,0.0,0.0,0.0
DL1PD7462,2025-12-09T08:19:14+05:30,28.54122,77.129997,0.0,0.0,0.0,0.0,0.0
DL1PD7629,2025-12-09T08:19:14+05:30,28.66559,77.229927,0.0,0.0,0.0,0.0,0.0
DL1PD7200,2025-12-09T08:19:14+05:30,28.600121,77.228363,0.0,0.0,0.0,0.0,0.0
DL1PD7665,2025-12-09T08:19:14+05:30,28.671169,77.280487,0.0,0.0,0.0,0.0,0.0
DL51EV9692,2025-12-09T08:19:14+05:30,28.54212,77.231812,0.0,0.0,0.0,0.0,0.0
DL1PD7571,2025-12-09T08:19:14+05:30,28.561069,77.278679,0.0,0.0,0.0,0.0,0.0
DL1PD7426,2025-12-09T08:19:13+05:30,28.556219,77.22937,0.0,0.0,0.0,0.0,0.0
DL51GD8691,2025-12-09T08:19:13+05:30,28.75787,77.195168,0.0,0.0,0.0,0.0,0.0
DL51GD8905,2025-12-09T08:19:13+05:30,28.638327,77.146652,0.0,0.0,0.0,0.0,0.0
DL51GD4046,2025-12-09T08:19:13+05:30,28.655479,77.151741,0.0,0.0,0.0,0.0,0.0
DL1PD7575,2025-12-09T08:19:13+05:30,28.52401,77.156082,0.0,0.0,0.0,0.0,0.0
DL1PD7628,2025-12-09T08:19:13+05:30,28.60334,77.319313,0.0,0.0,0.0,0.0,0.0
DL1PD6853,2025-12-09T08:19:13+05:30,28.56813,77.225357,0.0,0.0,0.0,0.0,0.0
DL51GD8911,2025-12-09T08:19:13+05:30,28.70393,77.130859,0.0,0.0,0.0,0.0,0.0
DL51GD9089,2025-12-09T08:19:12+05:30,28.715046,77.112144,0.0,0.0,0.0,0.0,0.0
DL1PD7567,2025-12-09T08:19:12+05:30,28.560881,77.248299,0.0,0.0,0.0,0.0,0.0
DL1PD7671,2025-12-09T08:19:12+05:30,28.643669,77.288948,0.0,0.0,0.0,0.0,0.0
DL1PD7565,2025-12-09T08:19:12+05:30,28.55307,77.235573,0.0,0.0,0.0,0.0,0.0
DL1PD7436,2025-12-09T08:19:12+05:30,28.52309,77.233803,0.0,0.0,0.0,0.0,0.0
DL1PD7858,2025-12-09T08:19:12+05:30,28.64662,77.11692,0.0,0.0,0.0,0.0,0.0
DL51GD8799,2025-12-09T08:19:12+05:30,28.619301,77.074593,0.0,0.0,0.0,0.0,0.0
DL1PD7394,2025-12-09T08:19:12+05:30,28.54299,77.157883,0.0,0.0,0.0,0.0,0.0
DL1PD7771,2025-12-09T08:19:12+05:30,28.63509,77.314743,0.0,0.0,0.0,0.0,0.0
DL1PD7843,2025-12-09T08:19:11+05:30,28.66692,77.303513,0.0,0.0,0.0,0.0,0.0
DL51EV3788,2025-12-09T08:19:11+05:30,28.710159,77.237549,0.0,0.0,0.0,0.0,0.0
DL1PD7234,2025-12-09T08:19:11+05:30,28.67251,77.256279,0.0,0.0,0.0,0.0,0.0
DL1PD7681,2025-12-09T08:19:11+05:30,28.63723,77.269539,0.0,0.0,0.0,0.0,0.0
DL51GD3953,2025-12-09T08:19:10+05:30,28.70281,77.193581,0.0,0.0,0.0,0.0,0.0
DL51EV1974,2025-12-09T08:19:10+05:30,28.70797,77.178619,0.0,0.0,0.0,0.0,0.0
DL1PD8528,2025-12-09T08:19:09+05:30,28.59627,77.034042,0.0,0.0,0.0,0.0,0.0
DL1PD8300,2025-12-09T08:19:08+05:30,28.680759,77.082321,0.0,0.0,0.0,0.0,0.0
DL51EV9076,2025-12-09T08:19:08+05:30,28.5294,77.271049,0.0,0.0,0.0,0.0,0.0
DL51GD4229,2025-12-09T08:19:08+05:30,28.71446,77.116013,0.0,0.0,0.0,0.0,0.0
DL1PD8197,2025-12-09T08:19:07+05:30,28.738905,77.066246,0.0,0.0,0.0,0.0,0.0
DL1PD6941,2025-12-09T08:19:07+05:30,28.704229,77.258301,0.0,0.0,0.0,0.0,0.0
DL51EV3162,2025-12-09T08:19:07+05:30,28.551043,77.263748,0.0,0.0,0.0,0.0,0.0
DL51GD2278,2025-12-09T08:19:07+05:30,28.619984,77.029602,0.0,0.0,0.0,0.0,0.0
DL1PD7841,2025-12-09T08:19:07+05:30,28.674049,77.286957,0.0,0.0,0.0,0.0,0.0
DL51EV3690,2025-12-09T08:19:06+05:30,28.769934,77.143791,0.0,0.0,0.0,0.0,0.0
DL51GD8935,2025-12-09T08:19:06+05:30,28.637457,77.146561,0.0,0.0,0.0,0.0,0.0
DL1PD8321,2025-12-09T08:19:06+05:30,28.596291,77.033943,0.0,0.0,0.0,0.0,0.0
DL51EV8680,2025-12-09T08:19:05+05:30,28.606119,77.10833,0.0,0.0,0.0,0.0,0.0
DL1PD7755,2025-12-09T08:19:05+05:30,28.69417,77.304123,0.0,0.0,0.0,0.0,0.0
DL1PD8425,2025-12-09T08:19:04+05:30,28.590549,77.083008,0.0,0.0,0.0,0.0,0.0
DL1PD7532,2025-12-09T08:19:04+05:30,28.507879,77.176697,0.0,0.0,0.0,0.0,0.0
DL51EV1072,2025-12-09T08:19:04+05:30,28.66856,77.226479,0.0,0.0,0.0,0.0,0.0
DL1PD7884,2025-12-09T08:19:04+05:30,28.596821,77.049896,0.0,0.0,0.0,0.0,0.0
DL1PD7607,2025-12-09T08:19:04+05:30,28.60137,77.308441,0.0,0.0,0.0,0.0,0.0
DL1PD7960,2025-12-09T08:19:04+05:30,28.577869,77.058167,0.0,0.0,0.0,0.0,0.0
DL51GD9045,2025-12-09T08:19:03+05:30,28.552971,77.205147,0.0,0.0,0.0,0.0,0.0
DL51GD8990,2025-12-09T08:19:03+05:30,28.568359,77.325638,0.0,0.0,0.0,0.0,0.0
DL51GD9017,2025-12-09T08:19:03+05:30,28.666349,77.208839,0.0,0.0,0.0,0.0,0.0
DL51EV0143,2025-12-09T08:19:03+05:30,28.751373,77.080437,0.0,0.0,0.0,0.0,0.0
DL1PD7697,2025-12-09T08:19:03+05:30,28.62089,77.285118,0.0,0.0,0.0,0.0,0.0
DL51GD9047,2025-12-09T08:19:02+05:30,28.663462,77.320511,0.0,0.0,0.0,0.0,0.0
DL51EV5062,2025-12-09T08:19:02+05:30,28.665239,77.28418,0.0,0.0,0.0,0.0,0.0
DL51GD4042,2025-12-09T08:19:02+05:30,28.718161,77.169167,0.0,0.0,0.0,0.0,0.0
DL1PD7715,2025-12-09T08:19:02+05:30,28.700069,77.297752,0.0,0.0,0.0,0.0,0.0
DL1PD8273,2025-12-09T08:19:01+05:30,28.630859,77.091454,0.0,0.0,0.0,0.0,0.0
DL1PD6953,2025-12-09T08:19:01+05:30,28.673401,77.169579,0.0,0.0,0.0,0.0,0.0
DL51GD9282,2025-12-09T08:19:01+05:30,28.515209,77.227966,0.0,0.0,0.0,0.0,0.0
DL1PD6935,2025-12-09T08:19:01+05:30,28.70072,77.291702,0.0,0.0,0.0,0.0,0.0
DL51EV3715,2025-12-09T08:19:01+05:30,28.651567,77.194809,0.0,0.0,0.0,0.0,0.0
DL51GD8698,2025-12-09T08:18:41+05:30,28.623308,77.15992,0.0,0.0,0.0,0.0,0.0
DL51EV2521,2025-12-09T08:18:25+05:30,28.699408,77.148315,0.0,0.0,0.0,0.0,0.0
DL1PD6834,2025-12-09T08:18:03+05:30,28.688482,77.091148,0.0,0.0,0.0,0.0,0.0
DL1PD8185,2025-12-09T08:18:02+05:30,28.638559,77.078171,0.0,0.0,0.0,0.0,0.0
DL1PD7854,2025-12-09T08:15:18+05:30,28.585386,77.252518,0.0,0.0,0.0,0.0,0.0
DL1PD8358,2025-12-09T08:14:09+05:30,28.630501,77.09919,0.0,0.0,0.0,0.0,0.0
DL51EV1740,2025-12-09T08:13:03+05:30,28.618099,77.095589,0.0,0.0,0.0,0.0,0.0
DL1PD8456,2025-12-09T08:07:46+05:30,28.558773,77.174072,0.0,0.0,0.0,0.0,0.0
DL1PD5844,2025-12-09T08:06:55+05:30,28.619991,77.206207,0.0,0.0,0.0,0.0,0.0
DL1PD5065,2025-12-09T08:08:03+05:30,28.559584,77.133308,0.0,0.0,0.0,0.0,0.0
DL1PD6446,2025-12-09T08:08:14+05:30,28.682451,77.030952,0.0,0.0,0.0,0.0,0.0
DL1PD6136,2025-12-09T08:09:51+05:30,28.723263,77.213882,0.0,0.0,0.0,0.0,0.0
DL1PD5537,2025-12-09T08:10:20+05:30,28.625479,77.065765,0.0,0.0,0.0,0.0,0.0
DL1PD6145,2025-12-09T08:10:34+05:30,28.557158,77.091042,0.0,0.0,0.0,0.0,0.0
DL1PD4192,2025-12-09T08:10:48+05:30,28.660116,77.22654,0.0,0.0,0.0,0.0,0.0
DL1PD5094,2025-12-09T08:10:50+05:30,28.641357,77.145218,0.0,0.0,0.0,0.0,0.0
DL1PD4998,2025-12-09T08:11:49+05:30,28.642714,77.223595,0.0,0.0,0.0,0.0,0.0
DL1PD5567,2025-12-09T08:11:55+05:30,28.788084,77.040146,0.0,0.0,0.0,0.0,0.0
DL1PD5646,2025-12-09T08:11:58+05:30,28.787018,77.025185,0.0,0.0,0.0,0.0,0.0
DL1PD4293,2025-12-09T08:11:58+05:30,28.699562,77.027679,0.0,0.0,0.0,0.0,0.0
DL1PD5869,2025-12-09T08:11:58+05:30,28.741333,77.119644,0.0,0.0,0.0,0.0,0.0
DL1PD5717,2025-12-09T08:13:38+05:30,28.578085,77.214012,0.0,0.0,0.0,0.0,0.0
DL1PD4946,2025-12-09T08:13:48+05:30,28.701077,77.19886,0.0,0.0,0.0,0.0,0.0
DL51GD5744,2025-12-09T08:13:48+05:30,28.737869,77.162781,0.0,0.0,0.0,0.0,0.0
DL1PD5590,2025-12-09T08:13:48+05:30,28.618099,77.077087,0.0,0.0,0.0,0.0,0.0
DL1PD6379,2025-12-09T08:14:05+05:30,28.619139,77.031036,0.0,0.0,0.0,0.0,0.0
DL1PD4994,2025-12-09T08:14:05+05:30,28.536091,77.091469,0.0,0.0,0.0,0.0,0.0
DL1PD5304,2025-12-09T08:14:06+05:30,28.710789,77.136589,0.0,0.0,0.0,0.0,0.0
DL1PD6368,2025-12-09T08:14:11+05:30,28.742868,77.121124,0.0,0.0,0.0,0.0,0.0
DL1PD8329,2025-12-09T08:14:14+05:30,28.584866,77.253189,0.0,0.0,0.0,0.0,0.0
DL1PD4854,2025-12-09T08:14:21+05:30,28.703259,77.263397,0.0,0.0,0.0,0.0,0.0
DL1PD4898,2025-12-09T08:14:25+05:30,28.668177,77.136719,0.0,0.0,0.0,0.0,0.0
DL1PD6030,2025-12-09T08:14:30+05:30,28.629103,77.076225,0.0,0.0,0.0,0.0,0.0
DL1PD5251,2025-12-09T08:14:32+05:30,28.565342,77.049774,0.0,0.0,0.0,0.0,0.0
DL1PD4981,2025-12-09T08:14:32+05:30,28.536772,77.114548,0.0,0.0,0.0,0.0,0.0
DL1PD4681,2025-12-09T08:14:36+05:30,28.734106,77.004868,0.0,0.0,0.0,0.0,0.0
DL1PD5003,2025-12-09T08:14:40+05:30,28.592693,77.163551,0.0,0.0,0.0,0.0,0.0
DL1PD5992,2025-12-09T08:14:42+05:30,28.511547,77.254227,0.0,0.0,0.0,0.0,0.0
DL1PD5889,2025-12-09T08:14:48+05:30,28.548244,77.17997,0.0,0.0,0.0,0.0,0.0
DL1PD5456,2025-12-09T08:14:49+05:30,28.736338,77.009903,0.0,0.0,0.0,0.0,0.0
DL1PD6043,2025-12-09T08:14:49+05:30,28.56175,77.072746,0.0,0.0,0.0,0.0,0.0
DL1PD4562,2025-12-09T08:14:50+05:30,28.681292,77.165146,0.0,0.0,0.0,0.0,0.0
DL1PD4720,2025-12-09T08:14:50+05:30,28.686794,77.025742,0.0,0.0,0.0,0.0,0.0
DL1PD6058,2025-12-09T08:14:50+05:30,28.678015,77.107681,0.0,0.0,0.0,0.0,0.0
DL1PD4678,2025-12-09T08:14:50+05:30,28.522148,77.082268,0.0,0.0,0.0,0.0,0.0
DL1PD4856,2025-12-09T08:14:51+05:30,28.558657,77.133072,0.0,0.0,0.0,0.0,0.0
DL51GD5769,2025-12-09T08:14:51+05:30,28.737019,77.169937,0.0,0.0,0.0,0.0,0.0
DL1PD5018,2025-12-09T08:14:51+05:30,28.641228,77.226013,0.0,0.0,0.0,0.0,0.0
DL1PD4527,2025-12-09T08:14:52+05:30,28.660639,77.223907,0.0,0.0,0.0,0.0,0.0
DL51GD4136,2025-12-09T08:14:52+05:30,28.755978,77.197655,0.0,0.0,0.0,0.0,0.0
DL1PD4684,2025-12-09T08:14:53+05:30,28.61882,77.075218,0.0,0.0,0.0,0.0,0.0
DL1PD4349,2025-12-09T08:14:54+05:30,28.552586,77.204872,0.0,0.0,0.0,0.0,0.0
DL1PD5221,2025-12-09T08:14:54+05:30,28.569386,77.123528,0.0,0.0,0.0,0.0,0.0
DL51GD4148,2025-12-09T08:14:55+05:30,28.69742,77.116417,0.0,0.0,0.0,0.0,0.0
DL1PD4860,2025-12-09T08:14:55+05:30,28.733292,77.004349,0.0,0.0,0.0,0.0,0.0
DL1PD5172,2025-12-09T08:14:55+05:30,28.637754,77.252563,0.0,0.0,0.0,0.0,0.0
DL1PD5055,2025-12-09T08:14:56+05:30,28.733589,77.004524,0.0,0.0,0.0,0.0,0.0
DL1PD4731,2025-12-09T08:14:56+05:30,28.70492,77.235657,0.0,0.0,0.0,0.0,0.0
DL1PD4805,2025-12-09T08:14:57+05:30,28.682493,77.030754,0.0,0.0,0.0,0.0,0.0
DL1PD4245,2025-12-09T08:14:57+05:30,28.524803,77.190033,0.0,0.0,0.0,0.0,0.0
DL1PD8393,2025-12-09T08:14:58+05:30,28.501257,77.292923,0.0,0.0,0.0,0.0,0.0
DL1PD4846,2025-12-09T08:15:31+05:30,28.736162,77.006416,0.0,0.0,0.0,0.0,0.0
DL1PD7797,2025-12-09T08:15:34+05:30,28.606462,77.002182,0.0,0.0,0.0,0.0,0.0
DL1PD7680,2025-12-09T08:15:39+05:30,28.528549,77.190178,0.0,0.0,0.0,0.0,0.0
DL1PD7756,2025-12-09T08:15:43+05:30,28.592716,77.055946,0.0,0.0,0.0,0.0,0.0
DL1PD7138,2025-12-09T08:15:43+05:30,28.520016,77.205437,0.0,0.0,0.0,0.0,0.0
DL1PD7237,2025-12-09T08:15:44+05:30,28.592505,77.236618,0.0,0.0,0.0,0.0,0.0
DL1PD7126,2025-12-09T08:15:45+05:30,28.591722,77.234726,0.0,0.0,0.0,0.0,0.0
DL1PD7691,2025-12-09T08:15:48+05:30,28.637602,77.06041,0.0,0.0,0.0,0.0,0.0
DL1PD7821,2025-12-09T08:15:49+05:30,28.523228,77.189926,0.0,0.0,0.0,0.0,0.0
DL1PD4753,2025-12-09T08:15:49+05:30,28.50065,77.293808,0.0,0.0,0.0,0.0,0.0
DL1PD4988,2025-12-09T08:15:55+05:30,28.545839,77.122696,0.0,0.0,0.0,0.0,0.0
DL1PD4918,2025-12-09T08:15:56+05:30,28.683325,77.095131,0.0,0.0,0.0,0.0,0.0
DL1PD8382,2025-12-09T08:16:04+05:30,28.524733,77.190147,0.0,0.0,0.0,0.0,0.0
DL1PD5176,2025-12-09T08:16:04+05:30,28.619322,77.033768,0.0,0.0,0.0,0.0,0.0
DL1PD5380,2025-12-09T08:16:07+05:30,28.597836,77.172905,0.0,0.0,0.0,0.0,0.0
DL1PD5223,2025-12-09T08:16:07+05:30,28.659407,77.09169,0.0,0.0,0.0,0.0,0.0
DL1PD4773,2025-12-09T08:16:11+05:30,28.704065,77.238495,0.0,0.0,0.0,0.0,0.0
DL51GD0242,2025-12-09T08:16:11+05:30,28.67057,77.266205,0.0,0.0,0.0,0.0,0.0
DL1PD5527,2025-12-09T08:16:11+05:30,28.655872,77.089745,0.0,0.0,0.0,0.0,0.0
DL1PD5778,2025-12-09T08:16:12+05:30,28.614639,77.107216,0.0,0.0,0.0,0.0,0.0
DL1PD4528,2025-12-09T08:16:13+05:30,28.735502,77.15551,0.0,0.0,0.0,0.0,0.0
DL51GD0218,2025-12-09T08:16:14+05:30,28.613211,77.314812,0.0,0.0,0.0,0.0,0.0
DL1PD5966,2025-12-09T08:16:14+05:30,28.591412,77.257637,0.0,0.0,0.0,0.0,0.0
DL1PD7862,2025-12-09T08:16:15+05:30,28.548834,77.257034,0.0,0.0,0.0,0.0,0.0
DL1PD6168,2025-12-09T08:16:15+05:30,28.682261,77.05468,0.0,0.0,0.0,0.0,0.0
DL1PD5845,2025-12-09T08:16:15+05:30,28.643744,77.224701,0.0,0.0,0.0,0.0,0.0
DL1PD5693,2025-12-09T08:16:16+05:30,28.675573,77.126366,0.0,0.0,0.0,0.0,0.0
DL1PD5763,2025-12-09T08:16:17+05:30,28.660164,77.230881,0.0,0.0,0.0,0.0,0.0
DL1PD4922,2025-12-09T08:16:18+05:30,28.56489,77.270615,0.0,0.0,0.0,0.0,0.0
DL1PD5901,2025-12-09T08:16:18+05:30,28.682245,77.064156,0.0,0.0,0.0,0.0,0.0
DL1PD4986,2025-12-09T08:16:19+05:30,28.625546,77.066132,0.0,0.0,0.0,0.0,0.0
DL51GD4176,2025-12-09T08:16:19+05:30,28.682261,77.094864,0.0,0.0,0.0,0.0,0.0
DL1PD6260,2025-12-09T08:16:19+05:30,28.772333,77.143272,0.0,0.0,0.0,0.0,0.0
DL1PD5739,2025-12-09T08:16:19+05:30,28.580023,77.175095,0.0,0.0,0.0,0.0,0.0
DL51GD4092,2025-12-09T08:16:20+05:30,28.724976,77.163315,0.0,0.0,0.0,0.0,0.0
DL1PD4878,2025-12-09T08:16:20+05:30,28.619518,77.035698,0.0,0.0,0.0,0.0,0.0
DL1PD4569,2025-12-09T08:16:20+05:30,28.660112,77.230659,0.0,0.0,0.0,0.0,0.0
DL51GD4340,2025-12-09T08:16:20+05:30,28.680241,77.094849,0.0,0.0,0.0,0.0,0.0
DL1PD5377,2025-12-09T08:16:21+05:30,28.623009,77.100845,0.0,0.0,0.0,0.0,0.0
DL1PD5851,2025-12-09T08:16:21+05:30,28.638233,77.252831,0.0,0.0,0.0,0.0,0.0
DL1PD5651,2025-12-09T08:16:21+05:30,28.639183,77.008949,0.0,0.0,0.0,0.0,0.0
DL1PD5940,2025-12-09T08:16:21+05:30,28.605606,77.126144,0.0,0.0,0.0,0.0,0.0
DL1PD5385,2025-12-09T08:16:21+05:30,28.583803,77.09166,0.0,0.0,0.0,0.0,0.0
DL1PD6042,2025-12-09T08:16:21+05:30,28.537287,77.100739,0.0,0.0,0.0,0.0,0.0
DL1PD6284,2025-12-09T08:16:21+05:30,28.731035,77.03894,0.0,0.0,0.0,0.0,0.0
DL1PD7743,2025-12-09T08:16:22+05:30,28.539137,77.189468,0.0,0.0,0.0,0.0,0.0
DL1PD4849,2025-12-09T08:16:22+05:30,28.676464,77.224953,0.0,0.0,0.0,0.0,0.0
DL1PD6022,2025-12-09T08:16:22+05:30,28.6255,77.066597,0.0,0.0,0.0,0.0,0.0
DL1PD4671,2025-12-09T08:16:22+05:30,28.693945,77.150703,0.0,0.0,0.0,0.0,0.0
DL1PD5156,2025-12-09T08:16:22+05:30,28.659239,77.145973,0.0,0.0,0.0,0.0,0.0
DL1PD4724,2025-12-09T08:16:22+05:30,28.68416,77.222099,0.0,0.0,0.0,0.0,0.0
DL1PD5020,2025-12-09T08:16:22+05:30,28.72789,77.144798,0.0,0.0,0.0,0.0,0.0
DL1PD6323,2025-12-09T08:16:23+05:30,28.778666,77.054665,0.0,0.0,0.0,0.0,0.0
DL1PD7053,2025-12-09T08:16:23+05:30,28.564857,77.189102,0.0,0.0,0.0,0.0,0.0
DL1PD5105,2025-12-09T08:16:23+05:30,28.616861,77.009201,0.0,0.0,0.0,0.0,0.0
DL1PD4642,2025-12-09T08:16:23+05:30,28.538189,77.092422,0.0,0.0,0.0,0.0,0.0
DL1PD4708,2025-12-09T08:16:23+05:30,28.682388,77.041748,0.0,0.0,0.0,0.0,0.0
DL1PD6067,2025-12-09T08:16:23+05:30,28.538076,77.09317,0.0,0.0,0.0,0.0,0.0
DL1PD5044,2025-12-09T08:16:23+05:30,28.590534,77.068993,0.0,0.0,0.0,0.0,0.0
DL1PD5856,2025-12-09T08:16:23+05:30,28.584557,77.222427,0.0,0.0,0.0,0.0,0.0
DL1PD5011,2025-12-09T08:16:24+05:30,28.667477,77.221939,0.0,0.0,0.0,0.0,0.0
DL1PD5877,2025-12-09T08:16:24+05:30,28.620783,77.047272,0.0,0.0,0.0,0.0,0.0
DL1PD5524,2025-12-09T08:16:24+05:30,28.685953,77.19529,0.0,0.0,0.0,0.0,0.0
DL1PD5056,2025-12-09T08:16:24+05:30,28.667841,77.223846,0.0,0.0,0.0,0.0,0.0
DL1PD4567,2025-12-09T08:16:24+05:30,28.723494,77.061745,0.0,0.0,0.0,0.0,0.0
DL1PD5783,2025-12-09T08:16:24+05:30,28.625534,77.067627,0.0,0.0,0.0,0.0,0.0
DL1PD5475,2025-12-09T08:16:24+05:30,28.642981,77.226547,0.0,0.0,0.0,0.0,0.0
DL1PD4787,2025-12-09T08:16:24+05:30,28.652906,77.132622,0.0,0.0,0.0,0.0,0.0
DL1PD4953,2025-12-09T08:16:24+05:30,28.682302,77.064384,0.0,0.0,0.0,0.0,0.0
DL1PD7839,2025-12-09T08:16:24+05:30,28.578423,77.24604,0.0,0.0,0.0,0.0,0.0
DL1PD6896,2025-12-09T08:16:24+05:30,28.554766,77.164719,0.0,0.0,0.0,0.0,0.0
DL1PD5764,2025-12-09T08:16:24+05:30,28.574934,77.147041,0.0,0.0,0.0,0.0,0.0
DL1PD5339,2025-12-09T08:16:24+05:30,28.590376,77.086609,0.0,0.0,0.0,0.0,0.0
DL1PD6958,2025-12-09T08:16:25+05:30,28.635937,77.308022,0.0,0.0,0.0,0.0,0.0
DL1PD6802,2025-12-09T08:16:25+05:30,28.560186,77.187759,0.0,0.0,0.0,0.0,0.0
DL1PD5545,2025-12-09T08:16:25+05:30,28.687052,77.096062,0.0,0.0,0.0,0.0,0.0
DL1PD7694,2025-12-09T08:16:25+05:30,28.555212,77.242249,0.0,0.0,0.0,0.0,0.0
DL1PD7137,2025-12-09T08:16:25+05:30,28.640703,77.282974,0.0,0.0,0.0,0.0,0.0
DL1PD7098,2025-12-09T08:16:25+05:30,28.608488,77.252495,0.0,0.0,0.0,0.0,0.0
DL1PD7753,2025-12-09T08:16:25+05:30,28.603407,77.254189,0.0,0.0,0.0,0.0,0.0
DL1PD5688,2025-12-09T08:16:25+05:30,28.63624,77.094292,0.0,0.0,0.0,0.0,0.0
DL1PD7097,2025-12-09T08:16:25+05:30,28.543791,77.203316,0.0,0.0,0.0,0.0,0.0
DL1PD5946,2025-12-09T08:16:25+05:30,28.71302,77.263153,0.0,0.0,0.0,0.0,0.0
DL1PD7768,2025-12-09T08:16:25+05:30,28.626535,77.230583,0.0,0.0,0.0,0.0,0.0
DL1PD4736,2025-12-09T08:16:25+05:30,28.730921,77.158852,0.0,0.0,0.0,0.0,0.0
DL1PD6047,2025-12-09T08:16:25+05:30,28.643831,77.224503,0.0,0.0,0.0,0.0,0.0
DL1PD5706,2025-12-09T08:16:25+05:30,28.625889,77.065697,0.0,0.0,0.0,0.0,0.0
DL1PD7087,2025-12-09T08:16:25+05:30,28.591688,77.23349,0.0,0.0,0.0,0.0,0.0
DL1PD6786,2025-12-09T08:16:25+05:30,28.555964,77.206505,0.0,0.0,0.0,0.0,0.0
DL1PD6864,2025-12-09T08:16:25+05:30,28.563339,77.232788,0.0,0.0,0.0,0.0,0.0
DL1PD7116,2025-12-09T08:16:25+05:30,28.554348,77.104103,0.0,0.0,0.0,0.0,0.0
DL1PD7163,2025-12-09T08:16:25+05:30,28.524094,77.256195,0.0,0.0,0.0,0.0,0.0
DL1PD7648,2025-12-09T08:16:25+05:30,28.51824,77.1894,0.0,0.0,0.0,0.0,0.0
DL1PD7766,2025-12-09T08:16:25+05:30,28.674946,77.168571,0.0,0.0,0.0,0.0,0.0
DL1PD7613,2025-12-09T08:16:25+05:30,28.575455,77.209656,0.0,0.0,0.0,0.0,0.0
DL1PD7859,2025-12-09T08:16:25+05:30,28.556038,77.26741,0.0,0.0,0.0,0.0,0.0
DL1PD6882,2025-12-09T08:16:25+05:30,28.644066,77.280975,0.0,0.0,0.0,0.0,0.0
DL1PD7772,2025-12-09T08:16:25+05:30,28.615658,77.232536,0.0,0.0,0.0,0.0,0.0
DL1PD7802,2025-12-09T08:16:25+05:30,28.529736,77.287842,0.0,0.0,0.0,0.0,0.0
DL1PD7135,2025-12-09T08:16:25+05:30,28.556921,77.092667,0.0,0.0,0.0,0.0,0.0
DL51GD0243,2025-12-09T08:16:26+05:30,28.670649,77.267014,0.0,0.0,0.0,0.0,0.0
DL1PD7581,2025-12-09T08:16:26+05:30,28.581656,77.061462,0.0,0.0,0.0,0.0,0.0
DL1PD7712,2025-12-09T08:16:26+05:30,28.543955,77.204605,0.0,0.0,0.0,0.0,0.0
DL1PD6806,2025-12-09T08:16:26+05:30,28.542545,77.241203,0.0,0.0,0.0,0.0,0.0
DL1PD7155,2025-12-09T08:16:26+05:30,28.574928,77.154404,0.0,0.0,0.0,0.0,0.0
DL1PD7840,2025-12-09T08:16:26+05:30,28.543978,77.264557,0.0,0.0,0.0,0.0,0.0
DL1PD6824,2025-12-09T08:16:26+05:30,28.532036,77.317436,0.0,0.0,0.0,0.0,0.0
DL1PD4685,2025-12-09T08:16:26+05:30,28.541159,77.265556,0.0,0.0,0.0,0.0,0.0
DL1PD7750,2025-12-09T08:16:26+05:30,28.551399,77.263924,0.0,0.0,0.0,0.0,0.0
DL51GD1817,2025-12-09T08:16:26+05:30,28.601435,77.326172,0.0,0.0,0.0,0.0,0.0
DL1PD6781,2025-12-09T08:16:26+05:30,28.591732,77.233078,0.0,0.0,0.0,0.0,0.0
DL1PD5129,2025-12-09T08:16:26+05:30,28.602428,77.057274,0.0,0.0,0.0,0.0,0.0
DL1PD6810,2025-12-09T08:16:26+05:30,28.586414,77.259407,0.0,0.0,0.0,0.0,0.0
DL51GD2378,2025-12-09T08:16:26+05:30,28.718199,77.265541,0.0,0.0,0.0,0.0,0.0
DL1PD6901,2025-12-09T08:16:26+05:30,28.568584,77.220284,0.0,0.0,0.0,0.0,0.0
DL1PD7075,2025-12-09T08:16:26+05:30,28.512138,77.248154,0.0,0.0,0.0,0.0,0.0
DL1PD6428,2025-12-09T08:16:26+05:30,28.566799,77.066872,0.0,0.0,0.0,0.0,0.0
DL1PD7172,2025-12-09T08:16:26+05:30,28.64176,77.195686,0.0,0.0,0.0,0.0,0.0
DL1PD5754,2025-12-09T08:16:26+05:30,28.708628,77.17717,0.0,0.0,0.0,0.0,0.0
DL1PD5683,2025-12-09T08:16:26+05:30,28.586473,77.259346,0.0,0.0,0.0,0.0,0.0
DL1PD5628,2025-12-09T08:16:26+05:30,28.667665,77.222618,0.0,0.0,0.0,0.0,0.0
DL1PD7702,2025-12-09T08:16:26+05:30,28.540478,77.235809,0.0,0.0,0.0,0.0,0.0
DL1PD5195,2025-12-09T08:16:26+05:30,28.642921,77.172974,0.0,0.0,0.0,0.0,0.0
DL51GD0227,2025-12-09T08:16:26+05:30,28.710054,77.276886,0.0,0.0,0.0,0.0,0.0
DL1PD7084,2025-12-09T08:16:26+05:30,28.544022,77.204346,0.0,0.0,0.0,0.0,0.0
DL1PD5384,2025-12-09T08:16:26+05:30,28.789474,77.141975,0.0,0.0,0.0,0.0,0.0
DL1PD7100,2025-12-09T08:16:26+05:30,28.619282,77.336632,0.0,0.0,0.0,0.0,0.0
DL1PD7769,2025-12-09T08:16:26+05:30,28.546295,77.263481,0.0,0.0,0.0,0.0,0.0
DL1PD7179,2025-12-09T08:16:26+05:30,28.569872,77.189743,0.0,0.0,0.0,0.0,0.0
DL1PD4958,2025-12-09T08:16:27+05:30,28.703287,77.266182,0.0,0.0,0.0,0.0,0.0
DL1PD7729,2025-12-09T08:16:27+05:30,28.643127,77.223717,0.0,0.0,0.0,0.0,0.0
DL1PD7793,2025-12-09T08:16:27+05:30,28.550625,77.183952,0.0,0.0,0.0,0.0,0.0
DL1PD7817,2025-12-09T08:16:27+05:30,28.500019,77.310799,0.0,0.0,0.0,0.0,0.0
DL1PD7754,2025-12-09T08:16:27+05:30,28.649681,77.198006,0.0,0.0,0.0,0.0,0.0
DL1PD7780,2025-12-09T08:16:27+05:30,28.500881,77.31591,0.0,0.0,0.0,0.0,0.0
DL1PD7851,2025-12-09T08:16:27+05:30,28.547066,77.209396,0.0,0.0,0.0,0.0,0.0
DL1PD7110,2025-12-09T08:16:27+05:30,28.570127,77.185699,0.0,0.0,0.0,0.0,0.0
DL1PD7775,2025-12-09T08:16:27+05:30,28.617437,77.032028,0.0,0.0,0.0,0.0,0.0
DL1PD7737,2025-12-09T08:16:27+05:30,28.566856,77.227501,0.0,0.0,0.0,0.0,0.0
DL1PD5653,2025-12-09T08:16:27+05:30,28.680225,77.142471,0.0,0.0,0.0,0.0,0.0
DL1PD7148,2025-12-09T08:16:27+05:30,28.579762,77.198601,0.0,0.0,0.0,0.0,0.0
DL1PD5279,2025-12-09T08:16:27+05:30,28.790878,77.03904,0.0,0.0,0.0,0.0,0.0
DL1PD5118,2025-12-09T08:16:27+05:30,28.571589,77.171745,0.0,0.0,0.0,0.0,0.0
DL1PD5047,2025-12-09T08:16:27+05:30,28.531088,77.085754,0.0,0.0,0.0,0.0,0.0
DL1PD5259,2025-12-09T08:16:27+05:30,28.67355,77.169388,0.0,0.0,0.0,0.0,0.0
DL1PD5372,2025-12-09T08:16:27+05:30,28.568989,77.217072,0.0,0.0,0.0,0.0,0.0
DL1PD5059,2025-12-09T08:16:27+05:30,28.625626,77.065163,0.0,0.0,0.0,0.0,0.0
DL1PD5554,2025-12-09T08:16:27+05:30,28.744003,77.126778,0.0,0.0,0.0,0.0,0.0
DL1PD4581,2025-12-09T08:16:27+05:30,28.59053,77.168411,0.0,0.0,0.0,0.0,0.0
DL1PD7790,2025-12-09T08:16:27+05:30,28.578575,77.246254,0.0,0.0,0.0,0.0,0.0
DL1PD6878,2025-12-09T08:16:27+05:30,28.543087,77.24231,0.0,0.0,0.0,0.0,0.0
DL1PD5190,2025-12-09T08:16:27+05:30,28.619045,77.030701,0.0,0.0,0.0,0.0,0.0
DL1PD8488,2025-12-09T08:16:27+05:30,28.5189,77.254128,0.0,0.0,0.0,0.0,0.0
DL1PD7066,2025-12-09T08:16:27+05:30,28.579594,77.214218,0.0,0.0,0.0,0.0,0.0
DL1PD7170,2025-12-09T08:16:27+05:30,28.658537,77.27227,0.0,0.0,0.0,0.0,0.0
DL1PD6788,2025-12-09T08:16:27+05:30,28.621426,77.206276,0.0,0.0,0.0,0.0,0.0
DL1PD7139,2025-12-09T08:16:27+05:30,28.618797,77.336075,0.0,0.0,0.0,0.0,0.0
DL1PD7339,2025-12-09T08:16:27+05:30,28.574909,77.18988,0.0,0.0,0.0,0.0,0.0
DL1PD7102,2025-12-09T08:16:27+05:30,28.558359,77.172119,0.0,0.0,0.0,0.0,0.0
DL1PD7145,2025-12-09T08:16:27+05:30,28.569664,77.19944,0.0,0.0,0.0,0.0,0.0
DL1PD7704,2025-12-09T08:16:28+05:30,28.537405,77.241203,0.0,0.0,0.0,0.0,0.0
DL1PD7733,2025-12-09T08:16:28+05:30,28.558075,77.263245,0.0,0.0,0.0,0.0,0.0
DL1PD7758,2025-12-09T08:16:28+05:30,28.602715,77.056915,0.0,0.0,0.0,0.0,0.0
DL1PD7599,2025-12-09T08:16:28+05:30,28.55641,77.132439,0.0,0.0,0.0,0.0,0.0
DL1PD7727,2025-12-09T08:16:28+05:30,28.554007,77.057533,0.0,0.0,0.0,0.0,0.0
DL1PD7687,2025-12-09T08:16:28+05:30,28.627966,77.241249,0.0,0.0,0.0,0.0,0.0
DL1PD7695,2025-12-09T08:16:28+05:30,28.58486,77.253151,0.0,0.0,0.0,0.0,0.0
DL1PD7044,2025-12-09T08:16:28+05:30,28.600172,77.228371,0.0,0.0,0.0,0.0,0.0
DL1PD5136,2025-12-09T08:16:28+05:30,28.61812,77.112198,0.0,0.0,0.0,0.0,0.0
DL1PD5759,2025-12-09T08:16:28+05:30,28.604355,77.054543,0.0,0.0,0.0,0.0,0.0
DL1PD5733,2025-12-09T08:16:28+05:30,28.568745,77.134094,0.0,0.0,0.0,0.0,0.0
DL1PD5700,2025-12-09T08:16:28+05:30,28.557236,77.090958,0.0,0.0,0.0,0.0,0.0
DL1PD7068,2025-12-09T08:16:28+05:30,28.646416,77.314919,0.0,0.0,0.0,0.0,0.0
DL51GD1722,2025-12-09T08:16:28+05:30,28.733202,77.246414,0.0,0.0,0.0,0.0,0.0
DL1PD6914,2025-12-09T08:16:28+05:30,28.65085,77.319458,0.0,0.0,0.0,0.0,0.0
DL1PD6827,2025-12-09T08:16:28+05:30,28.512163,77.248398,0.0,0.0,0.0,0.0,0.0
DL1PD7109,2025-12-09T08:16:28+05:30,28.579611,77.213745,0.0,0.0,0.0,0.0,0.0
DL1PD6804,2025-12-09T08:16:28+05:30,28.559324,77.261978,0.0,0.0,0.0,0.0,0.0
DL1PD7334,2025-12-09T08:16:28+05:30,28.576511,77.210098,0.0,0.0,0.0,0.0,0.0
DL1PD6831,2025-12-09T08:16:28+05:30,28.564917,77.242882,0.0,0.0,0.0,0.0,0.0
DL1PD7175,2025-12-09T08:16:28+05:30,28.546587,77.250198,0.0,0.0,0.0,0.0,0.0
DL1PD7171,2025-12-09T08:16:28+05:30,28.571033,77.246391,0.0,0.0,0.0,0.0,0.0
DL1PD6812,2025-12-09T08:16:28+05:30,28.588947,77.246727,0.0,0.0,0.0,0.0,0.0
DL1PD7067,2025-12-09T08:16:28+05:30,28.569757,77.186539,0.0,0.0,0.0,0.0,0.0
DL1PD7340,2025-12-09T08:16:28+05:30,28.610674,77.212242,0.0,0.0,0.0,0.0,0.0
DL1PD7032,2025-12-09T08:16:28+05:30,28.56571,77.251411,0.0,0.0,0.0,0.0,0.0
DL1PD6984,2025-12-09T08:16:28+05:30,28.551674,77.169418,0.0,0.0,0.0,0.0,0.0
DL1PD5057,2025-12-09T08:16:28+05:30,28.542542,77.016304,0.0,0.0,0.0,0.0,0.0
DL1PD6850,2025-12-09T08:16:28+05:30,28.511906,77.249657,0.0,0.0,0.0,0.0,0.0
DL1PD6837,2025-12-09T08:16:28+05:30,28.55493,77.266098,0.0,0.0,0.0,0.0,0.0
DL1PD6996,2025-12-09T08:16:28+05:30,28.636267,77.286522,0.0,0.0,0.0,0.0,0.0
DL1PD7686,2025-12-09T08:16:28+05:30,28.61746,77.031837,0.0,0.0,0.0,0.0,0.0
DL51GD0239,2025-12-09T08:16:28+05:30,28.667067,77.251167,0.0,0.0,0.0,0.0,0.0
DL1PD6858,2025-12-09T08:16:29+05:30,28.579748,77.212051,0.0,0.0,0.0,0.0,0.0
DL1PD7601,2025-12-09T08:16:29+05:30,28.657625,77.272659,0.0,0.0,0.0,0.0,0.0
DL1PD7734,2025-12-09T08:16:29+05:30,28.560972,77.200882,0.0,0.0,0.0,0.0,0.0
DL1PD7838,2025-12-09T08:16:29+05:30,28.5217,77.183487,0.0,0.0,0.0,0.0,0.0
DL1PD7152,2025-12-09T08:16:29+05:30,28.542585,77.30883,0.0,0.0,0.0,0.0,0.0
DL1PD7169,2025-12-09T08:16:29+05:30,28.579704,77.252899,0.0,0.0,0.0,0.0,0.0
DL1PD6887,2025-12-09T08:16:29+05:30,28.584244,77.212624,0.0,0.0,0.0,0.0,0.0
DL1PD6959,2025-12-09T08:16:29+05:30,28.588612,77.246803,0.0,0.0,0.0,0.0,0.0
DL1PD6819,2025-12-09T08:16:29+05:30,28.591293,77.233208,0.0,0.0,0.0,0.0,0.0
DL1PD7081,2025-12-09T08:16:29+05:30,28.546322,77.307274,0.0,0.0,0.0,0.0,0.0
DL1PD6052,2025-12-09T08:16:29+05:30,28.619196,77.029915,0.0,0.0,0.0,0.0,0.0
DL1PD6875,2025-12-09T08:16:29+05:30,28.585594,77.252235,0.0,0.0,0.0,0.0,0.0
DL1PD4853,2025-12-09T08:16:29+05:30,28.514965,77.252625,0.0,0.0,0.0,0.0,0.0
DL1PD4645,2025-12-09T08:16:29+05:30,28.700327,77.097855,0.0,0.0,0.0,0.0,0.0
DL1PD5053,2025-12-09T08:16:29+05:30,28.682446,77.034889,0.0,0.0,0.0,0.0,0.0
DL1PD5761,2025-12-09T08:16:29+05:30,28.619509,77.035423,0.0,0.0,0.0,0.0,0.0
DL1PD7028,2025-12-09T08:16:29+05:30,28.524313,77.168777,0.0,0.0,0.0,0.0,0.0
DL1PD7177,2025-12-09T08:16:29+05:30,28.642138,77.282104,0.0,0.0,0.0,0.0,0.0
DL1PD5287,2025-12-09T08:16:29+05:30,28.500956,77.293503,0.0,0.0,0.0,0.0,0.0
DL51GD1715,2025-12-09T08:16:29+05:30,28.681492,77.267624,0.0,0.0,0.0,0.0,0.0
DL1PD6905,2025-12-09T08:16:29+05:30,28.548655,77.256775,0.0,0.0,0.0,0.0,0.0
DL1PD7672,2025-12-09T08:16:30+05:30,28.543694,77.207825,0.0,0.0,0.0,0.0,0.0
DL1PD7678,2025-12-09T08:16:30+05:30,28.509426,77.178925,0.0,0.0,0.0,0.0,0.0
DL1PD7740,2025-12-09T08:16:30+05:30,28.579725,77.199471,0.0,0.0,0.0,0.0,0.0
DL1PD7668,2025-12-09T08:16:30+05:30,28.626366,77.069237,0.0,0.0,0.0,0.0,0.0
DL1PD7689,2025-12-09T08:16:30+05:30,28.509794,77.264374,0.0,0.0,0.0,0.0,0.0
DL1PD7761,2025-12-09T08:16:30+05:30,28.619816,77.025146,0.0,0.0,0.0,0.0,0.0
DL1PD7767,2025-12-09T08:16:30+05:30,28.681963,77.064255,0.0,0.0,0.0,0.0,0.0
DL1PD4750,2025-12-09T08:16:30+05:30,28.611311,77.112656,0.0,0.0,0.0,0.0,0.0
DL1PD6967,2025-12-09T08:16:30+05:30,28.583303,77.250786,0.0,0.0,0.0,0.0,0.0
DL1PD5252,2025-12-09T08:16:30+05:30,28.652336,77.12912,0.0,0.0,0.0,0.0,0.0
DL1PD6868,2025-12-09T08:16:30+05:30,28.579758,77.212845,0.0,0.0,0.0,0.0,0.0
DL1PD6813,2025-12-09T08:16:30+05:30,28.533485,77.232132,0.0,0.0,0.0,0.0,0.0
DL1PD4821,2025-12-09T08:16:30+05:30,28.682308,77.054024,0.0,0.0,0.0,0.0,0.0
DL1PD5587,2025-12-09T08:16:30+05:30,28.671476,77.235573,0.0,0.0,0.0,0.0,0.0
DL1PD7167,2025-12-09T08:16:30+05:30,28.574854,77.147675,0.0,0.0,0.0,0.0,0.0
DL1PD7165,2025-12-09T08:16:30+05:30,28.531601,77.225235,0.0,0.0,0.0,0.0,0.0
DL1PD6857,2025-12-09T08:16:30+05:30,28.561636,77.188271,0.0,0.0,0.0,0.0,0.0
DL1PD7173,2025-12-09T08:16:30+05:30,28.656864,77.273018,0.0,0.0,0.0,0.0,0.0
DL1PD7088,2025-12-09T08:16:30+05:30,28.573837,77.18969,0.0,0.0,0.0,0.0,0.0
DL1PD7026,2025-12-09T08:16:30+05:30,28.532534,77.30661,0.0,0.0,0.0,0.0,0.0
DL1PD6851,2025-12-09T08:16:30+05:30,28.558672,77.171761,0.0,0.0,0.0,0.0,0.0
DL1PD6749,2025-12-09T08:16:30+05:30,28.599791,77.307007,0.0,0.0,0.0,0.0,0.0
DL1PD6919,2025-12-09T08:16:30+05:30,28.561062,77.280502,0.0,0.0,0.0,0.0,0.0
DL1PD6892,2025-12-09T08:16:30+05:30,28.55213,77.181305,0.0,0.0,0.0,0.0,0.0
DL1PD6883,2025-12-09T08:16:31+05:30,28.532494,77.306465,0.0,0.0,0.0,0.0,0.0
DL1PD7647,2025-12-09T08:16:31+05:30,28.53981,77.262161,0.0,0.0,0.0,0.0,0.0
DL51GD2393,2025-12-09T08:16:31+05:30,28.6047,77.271843,0.0,0.0,0.0,0.0,0.0
DL1PD7144,2025-12-09T08:16:31+05:30,28.547586,77.262917,0.0,0.0,0.0,0.0,0.0
DL1PD6789,2025-12-09T08:16:31+05:30,28.575541,77.158714,0.0,0.0,0.0,0.0,0.0
DL1PD7174,2025-12-09T08:16:31+05:30,28.575583,77.158432,0.0,0.0,0.0,0.0,0.0
DL1PD5681,2025-12-09T08:16:31+05:30,28.652411,77.130936,0.0,0.0,0.0,0.0,0.0
DL1PD7127,2025-12-09T08:16:31+05:30,28.627951,77.244164,0.0,0.0,0.0,0.0,0.0
DL1PD7070,2025-12-09T08:16:31+05:30,28.576441,77.210083,0.0,0.0,0.0,0.0,0.0
DL1PD5776,2025-12-09T08:16:31+05:30,28.522644,77.09919,0.0,0.0,0.0,0.0,0.0
DL51GD0249,2025-12-09T08:16:31+05:30,28.66794,77.250191,0.0,0.0,0.0,0.0,0.0
DL1PD6907,2025-12-09T08:16:31+05:30,28.585676,77.25824,0.0,0.0,0.0,0.0,0.0
DL1PD5307,2025-12-09T08:16:31+05:30,28.682346,77.06144,0.0,0.0,0.0,0.0,0.0
DL1PD7151,2025-12-09T08:16:31+05:30,28.527599,77.251373,0.0,0.0,0.0,0.0,0.0
DL1PD7604,2025-12-09T08:16:31+05:30,28.579615,77.213913,0.0,0.0,0.0,0.0,0.0
DL51GD0263,2025-12-09T08:16:31+05:30,28.697491,77.314301,0.0,0.0,0.0,0.0,0.0
DL1PD7122,2025-12-09T08:16:31+05:30,28.594557,77.228775,0.0,0.0,0.0,0.0,0.0
DL1PD7125,2025-12-09T08:16:31+05:30,28.585461,77.252632,0.0,0.0,0.0,0.0,0.0
DL1PD7625,2025-12-09T08:16:31+05:30,28.552927,77.22805,0.0,0.0,0.0,0.0,0.0
DL1PD6879,2025-12-09T08:16:31+05:30,28.591728,77.23362,0.0,0.0,0.0,0.0,0.0
DL1PD5167,2025-12-09T08:16:31+05:30,28.731733,77.170349,0.0,0.0,0.0,0.0,0.0
DL1PD8293,2025-12-09T08:16:31+05:30,28.559879,77.261673,0.0,0.0,0.0,0.0,0.0
DL1PD7807,2025-12-09T08:16:31+05:30,28.535015,77.283058,0.0,0.0,0.0,0.0,0.0
DL1PD6113,2025-12-09T08:16:31+05:30,28.548492,77.255394,0.0,0.0,0.0,0.0,0.0
DL51GD2333,2025-12-09T08:16:31+05:30,28.670563,77.266396,0.0,0.0,0.0,0.0,0.0
DL1PD7710,2025-12-09T08:16:31+05:30,28.552294,77.211281,0.0,0.0,0.0,0.0,0.0
DL1PD7089,2025-12-09T08:16:31+05:30,28.633713,77.173759,0.0,0.0,0.0,0.0,0.0
DL1PD7746,2025-12-09T08:16:31+05:30,28.578455,77.246361,0.0,0.0,0.0,0.0,0.0
DL1PD4831,2025-12-09T08:16:31+05:30,28.674339,77.168869,0.0,0.0,0.0,0.0,0.0
DL1PD7114,2025-12-09T08:16:31+05:30,28.597847,77.21122,0.0,0.0,0.0,0.0,0.0
DL1PD7154,2025-12-09T08:16:31+05:30,28.620977,77.207405,0.0,0.0,0.0,0.0,0.0
DL1PD7742,2025-12-09T08:16:31+05:30,28.619616,77.035271,0.0,0.0,0.0,0.0,0.0
DL1PD5347,2025-12-09T08:16:31+05:30,28.635509,77.062088,0.0,0.0,0.0,0.0,0.0
DL1PD6059,2025-12-09T08:16:31+05:30,28.636114,77.09375,0.0,0.0,0.0,0.0,0.0
DL1PD6842,2025-12-09T08:16:31+05:30,28.561438,77.222198,0.0,0.0,0.0,0.0,0.0
DL1PD6821,2025-12-09T08:16:31+05:30,28.623444,77.240593,0.0,0.0,0.0,0.0,0.0
DL1PD7811,2025-12-09T08:16:31+05:30,28.643263,77.079369,0.0,0.0,0.0,0.0,0.0
DL1PD7161,2025-12-09T08:16:31+05:30,28.615868,77.340965,0.0,0.0,0.0,0.0,0.0
DL1PD7683,2025-12-09T08:16:32+05:30,28.650082,77.043404,0.0,0.0,0.0,0.0,0.0
DL1PD5711,2025-12-09T08:16:32+05:30,28.629406,77.077591,0.0,0.0,0.0,0.0,0.0
DL1PD7001,2025-12-09T08:16:32+05:30,28.560934,77.282143,0.0,0.0,0.0,0.0,0.0
DL1PD7630,2025-12-09T08:16:32+05:30,28.565443,77.246063,0.0,0.0,0.0,0.0,0.0
DL1PD7706,2025-12-09T08:16:32+05:30,28.564308,77.250076,0.0,0.0,0.0,0.0,0.0
DL1PD7726,2025-12-09T08:16:32+05:30,28.576885,77.21051,0.0,0.0,0.0,0.0,0.0
DL1PD6975,2025-12-09T08:16:32+05:30,28.534603,77.170052,0.0,0.0,0.0,0.0,0.0
DL1PD7037,2025-12-09T08:16:32+05:30,28.526192,77.235634,0.0,0.0,0.0,0.0,0.0
DL1PD6926,2025-12-09T08:16:32+05:30,28.591789,77.234177,0.0,0.0,0.0,0.0,0.0
DL1PD4414,2025-12-09T08:16:32+05:30,28.661226,77.235817,0.0,0.0,0.0,0.0,0.0
DL1PD6856,2025-12-09T08:16:32+05:30,28.566771,77.207863,0.0,0.0,0.0,0.0,0.0
DL1PD6129,2025-12-09T08:16:32+05:30,28.602514,77.134125,0.0,0.0,0.0,0.0,0.0
DL1PD6785,2025-12-09T08:16:32+05:30,28.56675,77.269539,0.0,0.0,0.0,0.0,0.0
DL1PD7620,2025-12-09T08:16:32+05:30,28.520054,77.294601,0.0,0.0,0.0,0.0,0.0
DL1PD7813,2025-12-09T08:16:32+05:30,28.541105,77.237701,0.0,0.0,0.0,0.0,0.0
DL1PD7659,2025-12-09T08:16:32+05:30,28.543505,77.200935,0.0,0.0,0.0,0.0,0.0
DL1PD7791,2025-12-09T08:16:32+05:30,28.605291,77.050491,0.0,0.0,0.0,0.0,0.0
DL1PD7873,2025-12-09T08:16:32+05:30,28.619505,77.240211,0.0,0.0,0.0,0.0,0.0
DL1PD6845,2025-12-09T08:16:32+05:30,28.551458,77.20443,0.0,0.0,0.0,0.0,0.0
DL1PD7062,2025-12-09T08:16:32+05:30,28.558102,77.169754,0.0,0.0,0.0,0.0,0.0
DL1PD6780,2025-12-09T08:16:32+05:30,28.591692,77.233902,0.0,0.0,0.0,0.0,0.0
DL1PD7009,2025-12-09T08:16:32+05:30,28.631886,77.279366,0.0,0.0,0.0,0.0,0.0
DL1PD4741,2025-12-09T08:16:32+05:30,28.521439,77.183083,0.0,0.0,0.0,0.0,0.0
DL1PD6932,2025-12-09T08:16:33+05:30,28.58666,77.258659,0.0,0.0,0.0,0.0,0.0
DL1PD7690,2025-12-09T08:16:33+05:30,28.604151,77.054939,0.0,0.0,0.0,0.0,0.0
DL1PD6921,2025-12-09T08:16:33+05:30,28.644823,77.314888,0.0,0.0,0.0,0.0,0.0
DL51GD0231,2025-12-09T08:16:33+05:30,28.74967,77.250099,0.0,0.0,0.0,0.0,0.0
DL1PD5396,2025-12-09T08:16:33+05:30,28.586245,77.171478,0.0,0.0,0.0,0.0,0.0
DL1PD6817,2025-12-09T08:16:33+05:30,28.534433,77.16993,0.0,0.0,0.0,0.0,0.0
DL1PD7724,2025-12-09T08:16:33+05:30,28.623972,77.240913,0.0,0.0,0.0,0.0,0.0
DL1PD7846,2025-12-09T08:16:33+05:30,28.63442,77.066742,0.0,0.0,0.0,0.0,0.0
DL1PD7714,2025-12-09T08:16:33+05:30,28.585302,77.229866,0.0,0.0,0.0,0.0,0.0
DL1PD7741,2025-12-09T08:16:33+05:30,28.577648,77.189835,0.0,0.0,0.0,0.0,0.0
DL1PD7774,2025-12-09T08:16:33+05:30,28.655727,77.204147,0.0,0.0,0.0,0.0,0.0
DL1PD7705,2025-12-09T08:16:33+05:30,28.572945,77.258095,0.0,0.0,0.0,0.0,0.0
DL1PD7684,2025-12-09T08:16:33+05:30,28.633196,77.189713,0.0,0.0,0.0,0.0,0.0
DL1PD7128,2025-12-09T08:16:33+05:30,28.537292,77.267159,0.0,0.0,0.0,0.0,0.0
DL1PD6220,2025-12-09T08:16:33+05:30,28.666143,77.222229,0.0,0.0,0.0,0.0,0.0
DL1PD5596,2025-12-09T08:16:33+05:30,28.604843,77.053574,0.0,0.0,0.0,0.0,0.0
DL51GD0245,2025-12-09T08:16:33+05:30,28.701616,77.287674,0.0,0.0,0.0,0.0,0.0
DL1PD7050,2025-12-09T08:16:33+05:30,28.578575,77.246544,0.0,0.0,0.0,0.0,0.0
DL1PD7061,2025-12-09T08:16:33+05:30,28.58289,77.164047,0.0,0.0,0.0,0.0,0.0
DL1PD7092,2025-12-09T08:16:33+05:30,28.596441,77.203033,0.0,0.0,0.0,0.0,0.0
DL1PD5296,2025-12-09T08:16:33+05:30,28.660316,77.227257,0.0,0.0,0.0,0.0,0.0
DL1PD6989,2025-12-09T08:16:33+05:30,28.62565,77.240852,0.0,0.0,0.0,0.0,0.0
DL1PD7338,2025-12-09T08:16:33+05:30,28.628937,77.191414,0.0,0.0,0.0,0.0,0.0
DL1PD6934,2025-12-09T08:16:33+05:30,28.534508,77.17009,0.0,0.0,0.0,0.0,0.0
DL1PD6843,2025-12-09T08:16:33+05:30,28.5875,77.259018,0.0,0.0,0.0,0.0,0.0
DL1PD5245,2025-12-09T08:16:33+05:30,28.635662,77.093781,0.0,0.0,0.0,0.0,0.0
DL1PD7058,2025-12-09T08:16:33+05:30,28.518045,77.237076,0.0,0.0,0.0,0.0,0.0
DL1PD7685,2025-12-09T08:16:34+05:30,28.589283,77.21283,0.0,0.0,0.0,0.0,0.0
DL1PD7776,2025-12-09T08:16:34+05:30,28.611876,77.085831,0.0,0.0,0.0,0.0,0.0
DL1PD7649,2025-12-09T08:16:34+05:30,28.529812,77.192177,0.0,0.0,0.0,0.0,0.0
DL1PD7046,2025-12-09T08:16:34+05:30,28.57313,77.189751,0.0,0.0,0.0,0.0,0.0
DL1PD7333,2025-12-09T08:16:34+05:30,28.565783,77.249588,0.0,0.0,0.0,0.0,0.0
DL51GD1730,2025-12-09T08:16:34+05:30,28.726782,77.269547,0.0,0.0,0.0,0.0,0.0
DL1PD6867,2025-12-09T08:16:34+05:30,28.590975,77.228905,0.0,0.0,0.0,0.0,0.0
DL1PD5453,2025-12-09T08:16:34+05:30,28.701366,77.027168,0.0,0.0,0.0,0.0,0.0
DL1PD6453,2025-12-09T08:16:34+05:30,28.742437,77.120842,0.0,0.0,0.0,0.0,0.0
DL1PD6794,2025-12-09T08:16:34+05:30,28.532068,77.317917,0.0,0.0,0.0,0.0,0.0
DL1PD6866,2025-12-09T08:16:34+05:30,28.65679,77.273018,0.0,0.0,0.0,0.0,0.0
DL1PD7227,2025-12-09T08:16:34+05:30,28.59272,77.212517,0.0,0.0,0.0,0.0,0.0
DL1PD4775,2025-12-09T08:16:34+05:30,28.690418,77.278969,0.0,0.0,0.0,0.0,0.0
DL1PD5165,2025-12-09T08:16:34+05:30,28.590828,77.069527,0.0,0.0,0.0,0.0,0.0
DL51GD0208,2025-12-09T08:16:34+05:30,28.673841,77.322868,0.0,0.0,0.0,0.0,0.0
DL1PD7054,2025-12-09T08:16:34+05:30,28.532911,77.152222,0.0,0.0,0.0,0.0,0.0
DL1PD5256,2025-12-09T08:16:35+05:30,28.619259,77.028,0.0,0.0,0.0,0.0,0.0
DL1PD7103,2025-12-09T08:16:35+05:30,28.545902,77.250496,0.0,0.0,0.0,0.0,0.0
DL1PD7056,2025-12-09T08:16:35+05:30,28.529411,77.215103,0.0,0.0,0.0,0.0,0.0
DL1PD5729,2025-12-09T08:16:35+05:30,28.533806,77.059189,0.0,0.0,0.0,0.0,0.0
DL1PD5206,2025-12-09T08:16:35+05:30,28.72464,77.182869,0.0,0.0,0.0,0.0,0.0
DL1PD6807,2025-12-09T08:16:36+05:30,28.642639,77.300217,0.0,0.0,0.0,0.0,0.0
DL1PD5947,2025-12-09T08:16:37+05:30,28.71314,77.2631,0.0,0.0,0.0,0.0,0.0
DL1PD5932,2025-12-09T08:16:37+05:30,28.660162,77.226669,0.0,0.0,0.0,0.0,0.0
DL1PD5892,2025-12-09T08:16:37+05:30,28.579586,77.213707,0.0,0.0,0.0,0.0,0.0
DL1PD7738,2025-12-09T08:16:38+05:30,28.619013,77.029686,0.0,0.0,0.0,0.0,0.0
DL1PD7176,2025-12-09T08:16:39+05:30,28.530403,77.219879,0.0,0.0,0.0,0.0,0.0
DL1PD6199,2025-12-09T08:16:39+05:30,28.54649,77.124146,0.0,0.0,0.0,0.0,0.0
DL1PD7112,2025-12-09T08:16:39+05:30,28.500061,77.170021,0.0,0.0,0.0,0.0,0.0
DL1PD8490,2025-12-09T08:16:39+05:30,28.530609,77.220726,0.0,0.0,0.0,0.0,0.0
DL1PD5752,2025-12-09T08:16:39+05:30,28.683258,77.146645,0.0,0.0,0.0,0.0,0.0
DL1PD6998,2025-12-09T08:16:40+05:30,28.569798,77.197189,0.0,0.0,0.0,0.0,0.0
DL1PD4729,2025-12-09T08:16:40+05:30,28.530455,77.065872,0.0,0.0,0.0,0.0,0.0
DL1PD6123,2025-12-09T08:16:40+05:30,28.615458,77.097099,0.0,0.0,0.0,0.0,0.0
DL1PD4577,2025-12-09T08:16:40+05:30,28.658627,77.091324,0.0,0.0,0.0,0.0,0.0
DL1PD5529,2025-12-09T08:16:40+05:30,28.743813,77.011215,0.0,0.0,0.0,0.0,0.0
DL51GD0204,2025-12-09T08:16:41+05:30,28.698517,77.320641,0.0,0.0,0.0,0.0,0.0
DL1PD4802,2025-12-09T08:16:42+05:30,28.660257,77.227432,0.0,0.0,0.0,0.0,0.0
DL1PD4453,2025-12-09T08:16:42+05:30,28.626003,77.065475,0.0,0.0,0.0,0.0,0.0
DL1PD5458,2025-12-09T08:16:42+05:30,28.592867,77.162369,0.0,0.0,0.0,0.0,0.0
DL1PD5859,2025-12-09T08:16:43+05:30,28.521341,77.082268,0.0,0.0,0.0,0.0,0.0
DL1PD8428,2025-12-09T08:16:43+05:30,28.515018,77.280952,0.0,0.0,0.0,0.0,0.0
DL1PD6101,2025-12-09T08:16:43+05:30,28.618534,77.095299,0.0,0.0,0.0,0.0,0.0
DL1PD4682,2025-12-09T08:16:43+05:30,28.681034,77.08123,0.0,0.0,0.0,0.0,0.0
DL1PD5120,2025-12-09T08:16:44+05:30,28.537827,77.096802,0.0,0.0,0.0,0.0,0.0
DL1PD5520,2025-12-09T08:16:44+05:30,28.699886,77.201508,0.0,0.0,0.0,0.0,0.0
DL1PD8475,2025-12-09T08:16:45+05:30,28.53499,77.207916,0.0,0.0,0.0,0.0,0.0
DL1PD5095,2025-12-09T08:16:45+05:30,28.625763,77.065628,0.0,0.0,0.0,0.0,0.0
DL1PD5422,2025-12-09T08:16:45+05:30,28.673115,77.143776,0.0,0.0,0.0,0.0,0.0
DL1PD5582,2025-12-09T08:16:45+05:30,28.678343,77.105377,0.0,0.0,0.0,0.0,0.0
DL1PD4509,2025-12-09T08:16:45+05:30,28.590303,77.168381,0.0,0.0,0.0,0.0,0.0
DL51GD0252,2025-12-09T08:16:46+05:30,28.667997,77.224731,0.0,0.0,0.0,0.0,0.0
DL1PD6422,2025-12-09T08:16:46+05:30,28.672747,77.139465,0.0,0.0,0.0,0.0,0.0
DL1PD5235,2025-12-09T08:16:46+05:30,28.548769,77.055992,0.0,0.0,0.0,0.0,0.0
DL1PD5640,2025-12-09T08:16:46+05:30,28.619677,77.036339,0.0,0.0,0.0,0.0,0.0
DL1PD4602,2025-12-09T08:16:46+05:30,28.55875,77.173889,0.0,0.0,0.0,0.0,0.0
DL1PD6782,2025-12-09T08:16:47+05:30,28.588346,77.233513,0.0,0.0,0.0,0.0,0.0
DL1PD4875,2025-12-09T08:16:47+05:30,28.548388,77.255157,0.0,0.0,0.0,0.0,0.0
DL1PD5609,2025-12-09T08:16:47+05:30,28.557159,77.091125,0.0,0.0,0.0,0.0,0.0
DL1PD5212,2025-12-09T08:16:47+05:30,28.5784,77.269249,0.0,0.0,0.0,0.0,0.0
DL1PD4698,2025-12-09T08:16:47+05:30,28.521507,77.183044,0.0,0.0,0.0,0.0,0.0
DL1PD5747,2025-12-09T08:16:48+05:30,28.725721,77.163017,0.0,0.0,0.0,0.0,0.0
DL1PD5081,2025-12-09T08:16:48+05:30,28.555124,77.094246,0.0,0.0,0.0,0.0,0.0
DL1PD6395,2025-12-09T08:16:49+05:30,28.682295,77.055099,0.0,0.0,0.0,0.0,0.0
DL1PD6173,2025-12-09T08:16:49+05:30,28.68228,77.053932,0.0,0.0,0.0,0.0,0.0
DL1PD4170,2025-12-09T08:16:50+05:30,28.594093,77.075531,0.0,0.0,0.0,0.0,0.0
DL1PD6444,2025-12-09T08:16:50+05:30,28.52224,77.216469,0.0,0.0,0.0,0.0,0.0
DL1PD5689,2025-12-09T08:16:50+05:30,28.591805,77.233681,0.0,0.0,0.0,0.0,0.0
DL1PD5366,2025-12-09T08:16:50+05:30,28.670012,77.231407,0.0,0.0,0.0,0.0,0.0
DL1PD7778,2025-12-09T08:16:50+05:30,28.50909,77.299507,0.0,0.0,0.0,0.0,0.0
DL1PD7047,2025-12-09T08:16:51+05:30,28.541426,77.298897,0.0,0.0,0.0,0.0,0.0
DL1PD5314,2025-12-09T08:16:51+05:30,28.61565,77.09697,0.0,0.0,0.0,0.0,0.0
DL1PD6097,2025-12-09T08:16:51+05:30,28.585922,77.25177,0.0,0.0,0.0,0.0,0.0
DL1PD5525,2025-12-09T08:16:51+05:30,28.668636,77.226036,0.0,0.0,0.0,0.0,0.0
DL1PD4751,2025-12-09T08:16:51+05:30,28.705025,77.181694,0.0,0.0,0.0,0.0,0.0
DL1PD4959,2025-12-09T08:16:52+05:30,28.521427,77.183105,0.0,0.0,0.0,0.0,0.0
DL1PD4822,2025-12-09T08:16:52+05:30,28.730951,77.149902,0.0,0.0,0.0,0.0,0.0
DL1PD6003,2025-12-09T08:16:52+05:30,28.617765,77.077812,0.0,0.0,0.0,0.0,0.0
DL1PD5308,2025-12-09T08:16:52+05:30,28.619293,77.027641,0.0,0.0,0.0,0.0,0.0
DL1PD8388,2025-12-09T08:16:53+05:30,28.582596,77.252747,0.0,0.0,0.0,0.0,0.0
DL1PD5619,2025-12-09T08:16:53+05:30,28.66597,77.053978,0.0,0.0,0.0,0.0,0.0
DL1PD5215,2025-12-09T08:16:53+05:30,28.692972,77.101257,0.0,0.0,0.0,0.0,0.0
DL1PD5484,2025-12-09T08:16:53+05:30,28.557283,77.090858,0.0,0.0,0.0,0.0,0.0
DL51GD2302,2025-12-09T08:16:54+05:30,28.726933,77.269348,0.0,0.0,0.0,0.0,0.0
DL1PD6012,2025-12-09T08:16:54+05:30,28.666889,77.22744,0.0,0.0,0.0,0.0,0.0
DL1PD5404,2025-12-09T08:16:54+05:30,28.522493,77.082603,0.0,0.0,0.0,0.0,0.0
DL1PD4866,2025-12-09T08:16:54+05:30,28.521528,77.183105,0.0,0.0,0.0,0.0,0.0
DL51GD4010,2025-12-09T08:16:54+05:30,28.69396,77.105148,0.0,0.0,0.0,0.0,0.0
DL1PD5806,2025-12-09T08:16:54+05:30,28.630278,77.306618,0.0,0.0,0.0,0.0,0.0
DL1PD4718,2025-12-09T08:16:55+05:30,28.590569,77.168877,0.0,0.0,0.0,0.0,0.0
DL1PD5419,2025-12-09T08:16:55+05:30,28.667473,77.233368,0.0,0.0,0.0,0.0,0.0
DL1PD5650,2025-12-09T08:16:55+05:30,28.727322,77.05014,0.0,0.0,0.0,0.0,0.0
DL1PD4941,2025-12-09T08:16:56+05:30,28.707256,77.181366,0.0,0.0,0.0,0.0,0.0
DL1PD6014,2025-12-09T08:16:56+05:30,28.522598,77.082748,0.0,0.0,0.0,0.0,0.0
DL1PD5015,2025-12-09T08:16:56+05:30,28.547995,77.009155,0.0,0.0,0.0,0.0,0.0
DL1PD4848,2025-12-09T08:16:56+05:30,28.677147,77.114265,0.0,0.0,0.0,0.0,0.0
DL1PD4624,2025-12-09T08:16:56+05:30,28.673092,77.144173,0.0,0.0,0.0,0.0,0.0
DL1PD5134,2025-12-09T08:16:56+05:30,28.558868,77.133163,0.0,0.0,0.0,0.0,0.0
DL1PD5873,2025-12-09T08:16:56+05:30,28.619726,77.036697,0.0,0.0,0.0,0.0,0.0
DL1PD4378,2025-12-09T08:16:56+05:30,28.590698,77.168228,0.0,0.0,0.0,0.0,0.0
DL1PD5491,2025-12-09T08:16:57+05:30,28.598482,77.081551,0.0,0.0,0.0,0.0,0.0
DL1PD5369,2025-12-09T08:16:57+05:30,28.674891,77.140617,0.0,0.0,0.0,0.0,0.0
DL1PD5853,2025-12-09T08:16:57+05:30,28.586462,77.258438,0.0,0.0,0.0,0.0,0.0
DL1PD4583,2025-12-09T08:16:57+05:30,28.556835,77.092674,0.0,0.0,0.0,0.0,0.0
DL1PD4676,2025-12-09T08:16:57+05:30,28.57497,77.148605,0.0,0.0,0.0,0.0,0.0
DL1PD5322,2025-12-09T08:16:57+05:30,28.547028,77.30645,0.0,0.0,0.0,0.0,0.0
DL1PD6234,2025-12-09T08:16:57+05:30,28.542801,77.218903,0.0,0.0,0.0,0.0,0.0
DL51GD4182,2025-12-09T08:16:57+05:30,28.724247,77.180588,0.0,0.0,0.0,0.0,0.0
DL1PD5962,2025-12-09T08:16:58+05:30,28.575043,77.262512,0.0,0.0,0.0,0.0,0.0
DL51EV4365,2025-12-09T08:16:58+05:30,28.67844,77.323685,0.0,0.0,0.0,0.0,0.0
DL1PD4776,2025-12-09T08:16:58+05:30,28.625706,77.06575,0.0,0.0,0.0,0.0,0.0
DL1PD5728,2025-12-09T08:16:58+05:30,28.610399,77.083481,0.0,0.0,0.0,0.0,0.0
DL51GD1974,2025-12-09T08:16:58+05:30,28.620461,77.307045,0.0,0.0,0.0,0.0,0.0
DL1PD5662,2025-12-09T08:16:58+05:30,28.583668,77.091644,0.0,0.0,0.0,0.0,0.0
DL1PD4368,2025-12-09T08:16:58+05:30,28.668081,77.224869,0.0,0.0,0.0,0.0,0.0
DL1PD4954,2025-12-09T08:16:58+05:30,28.728891,77.031403,0.0,0.0,0.0,0.0,0.0
DL1PD5626,2025-12-09T08:16:58+05:30,28.773582,77.073624,0.0,0.0,0.0,0.0,0.0
DL1PD4857,2025-12-09T08:16:59+05:30,28.634539,77.174187,0.0,0.0,0.0,0.0,0.0
DL1PD4357,2025-12-09T08:16:59+05:30,28.622334,77.093697,0.0,0.0,0.0,0.0,0.0
DL1PD5464,2025-12-09T08:16:59+05:30,28.521681,77.183182,0.0,0.0,0.0,0.0,0.0
DL1PD5356,2025-12-09T08:16:59+05:30,28.590334,77.223717,0.0,0.0,0.0,0.0,0.0
DL51GD0225,2025-12-09T08:17:00+05:30,28.670555,77.266243,0.0,0.0,0.0,0.0,0.0
DL1PD8485,2025-12-09T08:17:00+05:30,28.568192,77.224815,0.0,0.0,0.0,0.0,0.0
DL51GD2388,2025-12-09T08:17:00+05:30,28.72023,77.277733,0.0,0.0,0.0,0.0,0.0
DL1PD4495,2025-12-09T08:17:00+05:30,28.642122,77.136276,0.0,0.0,0.0,0.0,0.0
DL1PD4863,2025-12-09T08:17:00+05:30,28.536539,77.140076,0.0,0.0,0.0,0.0,0.0
DL1PD4709,2025-12-09T08:17:00+05:30,28.664455,77.214989,0.0,0.0,0.0,0.0,0.0
DL1PD5205,2025-12-09T08:17:00+05:30,28.677298,77.22477,0.0,0.0,0.0,0.0,0.0
DL1PD5300,2025-12-09T08:17:00+05:30,28.569633,77.199165,0.0,0.0,0.0,0.0,0.0
DL1PD4491,2025-12-09T08:17:00+05:30,28.650307,77.160492,0.0,0.0,0.0,0.0,0.0
DL1PD6015,2025-12-09T08:17:01+05:30,28.619816,77.03746,0.0,0.0,0.0,0.0,0.0
DL1PD5030,2025-12-09T08:17:01+05:30,28.569527,77.204552,0.0,0.0,0.0,0.0,0.0
DL1PD6035,2025-12-09T08:17:01+05:30,28.670933,77.110992,0.0,0.0,0.0,0.0,0.0
DL1PD8387,2025-12-09T08:17:01+05:30,28.570372,77.259979,0.0,0.0,0.0,0.0,0.0
DL1PD4677,2025-12-09T08:17:01+05:30,28.649803,77.197769,0.0,0.0,0.0,0.0,0.0
DL1PD7267,2025-12-09T08:17:01+05:30,28.601612,77.263351,0.0,0.0,0.0,0.0,0.0
DL1PD5860,2025-12-09T08:17:01+05:30,28.661253,77.184891,0.0,0.0,0.0,0.0,0.0
DL51GD0219,2025-12-09T08:17:01+05:30,28.701069,77.289932,0.0,0.0,0.0,0.0,0.0
DL1PD5836,2025-12-09T08:17:01+05:30,28.605896,77.125542,0.0,0.0,0.0,0.0,0.0
DL1PD5687,2025-12-09T08:17:01+05:30,28.556971,77.092285,0.0,0.0,0.0,0.0,0.0
DL1PD5292,2025-12-09T08:17:01+05:30,28.733488,77.0243,0.0,0.0,0.0,0.0,0.0
DL1PD6174,2025-12-09T08:17:02+05:30,28.648403,77.025291,0.0,0.0,0.0,0.0,0.0
DL51EV4376,2025-12-09T08:17:02+05:30,28.657328,77.26236,0.0,0.0,0.0,0.0,0.0
DL1PD6068,2025-12-09T08:17:02+05:30,28.563751,77.06868,0.0,0.0,0.0,0.0,0.0
DL1PD4952,2025-12-09T08:17:02+05:30,28.601967,77.057945,0.0,0.0,0.0,0.0,0.0
DL1PD5551,2025-12-09T08:17:02+05:30,28.637693,77.130157,0.0,0.0,0.0,0.0,0.0
DL1PD7344,2025-12-09T08:17:02+05:30,28.543951,77.204811,0.0,0.0,0.0,0.0,0.0
DL1PD5034,2025-12-09T08:17:02+05:30,28.569983,77.199066,0.0,0.0,0.0,0.0,0.0
DL1PD7699,2025-12-09T08:17:02+05:30,28.620173,77.043961,0.0,0.0,0.0,0.0,0.0
DL1PD5958,2025-12-09T08:17:02+05:30,28.689606,77.322525,0.0,0.0,0.0,0.0,0.0
DL1PD7739,2025-12-09T08:17:02+05:30,28.682222,77.065788,0.0,0.0,0.0,0.0,0.0
DL1PD4080,2025-12-09T08:17:02+05:30,28.576996,77.057426,0.0,0.0,0.0,0.0,0.0
DL1PD5824,2025-12-09T08:17:02+05:30,28.688307,77.09095,0.0,0.0,0.0,0.0,0.0
DL1PD5265,2025-12-09T08:17:02+05:30,28.618847,77.191528,0.0,0.0,0.0,0.0,0.0
DL1PD6465,2025-12-09T08:17:02+05:30,28.586672,77.259346,0.0,0.0,0.0,0.0,0.0
DL1PD4806,2025-12-09T08:17:02+05:30,28.703064,77.194,0.0,0.0,0.0,0.0,0.0
DL1PD5229,2025-12-09T08:17:02+05:30,28.636822,77.095772,0.0,0.0,0.0,0.0,0.0
DL51GD2336,2025-12-09T08:17:02+05:30,28.701508,77.287971,0.0,0.0,0.0,0.0,0.0
DL1PD5657,2025-12-09T08:17:02+05:30,28.569288,77.184372,0.0,0.0,0.0,0.0,0.0
DL1PD4965,2025-12-09T08:17:02+05:30,28.621904,77.086548,0.0,0.0,0.0,0.0,0.0
DL1PD7060,2025-12-09T08:17:02+05:30,28.569921,77.201958,0.0,0.0,0.0,0.0,0.0
DL1PD5968,2025-12-09T08:17:03+05:30,28.636356,77.095665,0.0,0.0,0.0,0.0,0.0
DL1PD5492,2025-12-09T08:17:03+05:30,28.516792,77.221695,0.0,0.0,0.0,0.0,0.0
DL1PD5144,2025-12-09T08:17:03+05:30,28.580091,77.100197,0.0,0.0,0.0,0.0,0.0
DL1PD4713,2025-12-09T08:17:03+05:30,28.747044,77.093956,0.0,0.0,0.0,0.0,0.0
DL1PD4789,2025-12-09T08:17:03+05:30,28.661024,77.235947,0.0,0.0,0.0,0.0,0.0
DL1PD5306,2025-12-09T08:17:03+05:30,28.521645,77.183342,0.0,0.0,0.0,0.0,0.0
DL1PD5438,2025-12-09T08:17:03+05:30,28.666527,77.054482,0.0,0.0,0.0,0.0,0.0
DL1PD6021,2025-12-09T08:17:03+05:30,28.622145,77.056938,0.0,0.0,0.0,0.0,0.0
DL1PD4754,2025-12-09T08:17:03+05:30,28.744179,77.011459,0.0,0.0,0.0,0.0,0.0
DL1PD5243,2025-12-09T08:17:03+05:30,28.797676,77.099197,0.0,0.0,0.0,0.0,0.0
DL1PD5827,2025-12-09T08:17:03+05:30,28.59136,77.168205,0.0,0.0,0.0,0.0,0.0
DL1PD5837,2025-12-09T08:17:03+05:30,28.614897,77.003998,0.0,0.0,0.0,0.0,0.0
DL1PD5746,2025-12-09T08:17:03+05:30,28.676331,77.120628,0.0,0.0,0.0,0.0,0.0
DL1PD5406,2025-12-09T08:17:03+05:30,28.630352,77.079781,0.0,0.0,0.0,0.0,0.0
DL1PD5871,2025-12-09T08:17:03+05:30,28.619495,77.035133,0.0,0.0,0.0,0.0,0.0
DL1PD4559,2025-12-09T08:17:03+05:30,28.770884,77.14399,0.0,0.0,0.0,0.0,0.0
DL1PD5494,2025-12-09T08:17:03+05:30,28.637453,77.314644,0.0,0.0,0.0,0.0,0.0
DL1PD4573,2025-12-09T08:17:03+05:30,28.521591,77.183067,0.0,0.0,0.0,0.0,0.0
DL1PD6009,2025-12-09T08:17:03+05:30,28.624533,77.065018,0.0,0.0,0.0,0.0,0.0
DL1PD5629,2025-12-09T08:17:03+05:30,28.660151,77.22908,0.0,0.0,0.0,0.0,0.0
DL1PD5452,2025-12-09T08:17:03+05:30,28.619556,77.035324,0.0,0.0,0.0,0.0,0.0
DL1PD8394,2025-12-09T08:17:03+05:30,28.53944,77.266281,0.0,0.0,0.0,0.0,0.0
DL1PD4597,2025-12-09T08:17:03+05:30,28.53771,77.094421,0.0,0.0,0.0,0.0,0.0
DL1PD6452,2025-12-09T08:17:03+05:30,28.605505,77.126305,0.0,0.0,0.0,0.0,0.0
DL1PD4634,2025-12-09T08:17:03+05:30,28.60553,77.109573,0.0,0.0,0.0,0.0,0.0
DL1PD5295,2025-12-09T08:17:03+05:30,28.693514,77.218895,0.0,0.0,0.0,0.0,0.0
DL1PD4937,2025-12-09T08:17:03+05:30,28.549709,77.303459,0.0,0.0,0.0,0.0,0.0
DL1PD5621,2025-12-09T08:17:03+05:30,28.639975,77.104256,0.0,0.0,0.0,0.0,0.0
DL1PD4600,2025-12-09T08:17:03+05:30,28.625408,77.06604,0.0,0.0,0.0,0.0,0.0
DL1PD5501,2025-12-09T08:17:03+05:30,28.576958,77.009003,0.0,0.0,0.0,0.0,0.0
DL1PD5517,2025-12-09T08:17:03+05:30,28.70256,77.194771,0.0,0.0,0.0,0.0,0.0
DL1PD4599,2025-12-09T08:17:03+05:30,28.663391,77.207558,0.0,0.0,0.0,0.0,0.0
DL1PD5929,2025-12-09T08:17:03+05:30,28.665514,77.053688,0.0,0.0,0.0,0.0,0.0
DL1PD6417,2025-12-09T08:17:03+05:30,28.633699,77.131615,0.0,0.0,0.0,0.0,0.0
DL1PD5931,2025-12-09T08:17:03+05:30,28.66017,77.227768,0.0,0.0,0.0,0.0,0.0
DL1PD5451,2025-12-09T08:17:03+05:30,28.751923,77.078743,0.0,0.0,0.0,0.0,0.0
DL1PD5900,2025-12-09T08:17:03+05:30,28.620741,77.205711,0.0,0.0,0.0,0.0,0.0
DL1PD5359,2025-12-09T08:17:03+05:30,28.741484,77.153419,0.0,0.0,0.0,0.0,0.0
DL1PD8383,2025-12-09T08:17:03+05:30,28.572813,77.258217,0.0,0.0,0.0,0.0,0.0
DL1PD5203,2025-12-09T08:17:03+05:30,28.537901,77.093506,0.0,0.0,0.0,0.0,0.0
DL1PD4833,2025-12-09T08:17:03+05:30,28.707569,77.224342,0.0,0.0,0.0,0.0,0.0
DL1PD5847,2025-12-09T08:17:03+05:30,28.613033,77.088524,0.0,0.0,0.0,0.0,0.0
DL1PD5831,2025-12-09T08:17:04+05:30,28.625696,77.06572,0.0,0.0,0.0,0.0,0.0
DL1PD4325,2025-12-09T08:17:04+05:30,28.543087,77.231163,0.0,0.0,0.0,0.0,0.0
DL1PD5408,2025-12-09T08:17:04+05:30,28.660612,77.142738,0.0,0.0,0.0,0.0,0.0
DL1PD5247,2025-12-09T08:17:04+05:30,28.541668,77.232033,0.0,0.0,0.0,0.0,0.0
DL1PD5008,2025-12-09T08:17:04+05:30,28.509161,77.177864,0.0,0.0,0.0,0.0,0.0
DL1PD5572,2025-12-09T08:17:04+05:30,28.692869,77.1008,0.0,0.0,0.0,0.0,0.0
DL1PD4092,2025-12-09T08:17:04+05:30,28.590475,77.086952,0.0,0.0,0.0,0.0,0.0
DL1PD5954,2025-12-09T08:17:04+05:30,28.587484,77.259415,0.0,0.0,0.0,0.0,0.0
DL1PD4606,2025-12-09T08:17:04+05:30,28.636599,77.183479,0.0,0.0,0.0,0.0,0.0
DL1PD4322,2025-12-09T08:17:04+05:30,28.660513,77.236145,0.0,0.0,0.0,0.0,0.0
DL1PD5539,2025-12-09T08:17:04+05:30,28.620356,77.019394,0.0,0.0,0.0,0.0,0.0
DL1PD7096,2025-12-09T08:17:04+05:30,28.521507,77.183273,0.0,0.0,0.0,0.0,0.0
DL1PD5532,2025-12-09T08:17:04+05:30,28.704185,77.190781,0.0,0.0,0.0,0.0,0.0
DL51GD1799,2025-12-09T08:17:04+05:30,28.668028,77.224525,0.0,0.0,0.0,0.0,0.0
DL1PD5600,2025-12-09T08:17:04+05:30,28.642349,77.223694,0.0,0.0,0.0,0.0,0.0
DL1PD4089,2025-12-09T08:17:04+05:30,28.567633,77.066116,0.0,0.0,0.0,0.0,0.0
DL1PD6027,2025-12-09T08:17:04+05:30,28.579372,77.059662,0.0,0.0,0.0,0.0,0.0
DL1PD4761,2025-12-09T08:17:04+05:30,28.696693,77.096252,0.0,0.0,0.0,0.0,0.0
DL1PD5280,2025-12-09T08:17:04+05:30,28.667437,77.222221,0.0,0.0,0.0,0.0,0.0
DL1PD4832,2025-12-09T08:17:04+05:30,28.622585,77.059792,0.0,0.0,0.0,0.0,0.0
DL1PD4865,2025-12-09T08:17:04+05:30,28.65937,77.190338,0.0,0.0,0.0,0.0,0.0
DL1PD4590,2025-12-09T08:17:04+05:30,28.616276,77.007538,0.0,0.0,0.0,0.0,0.0
DL1PD4890,2025-12-09T08:17:04+05:30,28.706129,77.070885,0.0,0.0,0.0,0.0,0.0
DL1PD6078,2025-12-09T08:17:04+05:30,28.648354,77.200668,0.0,0.0,0.0,0.0,0.0
DL1PD5293,2025-12-09T08:17:04+05:30,28.56492,77.050148,0.0,0.0,0.0,0.0,0.0
DL1PD5348,2025-12-09T08:17:04+05:30,28.616663,77.032242,0.0,0.0,0.0,0.0,0.0
DL1PD5937,2025-12-09T08:17:04+05:30,28.666389,77.208809,0.0,0.0,0.0,0.0,0.0
DL51EV4122,2025-12-09T08:17:04+05:30,28.642962,77.297302,0.0,0.0,0.0,0.0,0.0
DL1PD5737,2025-12-09T08:17:04+05:30,28.591589,77.2341,0.0,0.0,0.0,0.0,0.0
DL1PD5431,2025-12-09T08:17:04+05:30,28.701899,77.164352,0.0,0.0,0.0,0.0,0.0
DL1PD6166,2025-12-09T08:17:04+05:30,28.679852,77.092033,0.0,0.0,0.0,0.0,0.0
DL1PD5884,2025-12-09T08:17:04+05:30,28.511538,77.254349,0.0,0.0,0.0,0.0,0.0
DL51EV4134,2025-12-09T08:17:04+05:30,28.714428,77.172127,0.0,0.0,0.0,0.0,0.0
DL1PD7078,2025-12-09T08:17:04+05:30,28.521482,77.183289,0.0,0.0,0.0,0.0,0.0
DL1PD5361,2025-12-09T08:17:04+05:30,28.546234,77.123848,0.0,0.0,0.0,0.0,0.0
DL1PD7160,2025-12-09T08:17:04+05:30,28.617323,77.339592,0.0,0.0,0.0,0.0,0.0
DL1PD4385,2025-12-09T08:17:04+05:30,28.701677,77.000206,0.0,0.0,0.0,0.0,0.0
DL1PD6172,2025-12-09T08:17:04+05:30,28.682325,77.05352,0.0,0.0,0.0,0.0,0.0
DL1PD4330,2025-12-09T08:17:04+05:30,28.522863,77.082703,0.0,0.0,0.0,0.0,0.0
DL51EV4348,2025-12-09T08:17:04+05:30,28.56175,77.272461,0.0,0.0,0.0,0.0,0.0
DL1PD4669,2025-12-09T08:17:04+05:30,28.67399,77.169144,0.0,0.0,0.0,0.0,0.0
DL1PD4855,2025-12-09T08:17:04+05:30,28.619562,77.016785,0.0,0.0,0.0,0.0,0.0
DL1PD5814,2025-12-09T08:17:04+05:30,28.660479,77.224274,0.0,0.0,0.0,0.0,0.0
DL1PD6190,2025-12-09T08:17:04+05:30,28.667824,77.223,0.0,0.0,0.0,0.0,0.0
DL1PD4522,2025-12-09T08:17:04+05:30,28.664444,77.207626,0.0,0.0,0.0,0.0,0.0
DL1PD4900,2025-12-09T08:17:04+05:30,28.74235,77.120651,0.0,0.0,0.0,0.0,0.0
DL51GD1786,2025-12-09T08:17:04+05:30,28.745825,77.245369,0.0,0.0,0.0,0.0,0.0
DL1PD5405,2025-12-09T08:17:04+05:30,28.660133,77.22821,0.0,0.0,0.0,0.0,0.0
DL1PD6128,2025-12-09T08:17:04+05:30,28.61772,77.095741,0.0,0.0,0.0,0.0,0.0
DL51GD0425,2025-12-09T08:17:04+05:30,28.734665,77.155777,0.0,0.0,0.0,0.0,0.0
DL1PD5981,2025-12-09T08:17:04+05:30,28.68841,77.091118,0.0,0.0,0.0,0.0,0.0
DL1PD4772,2025-12-09T08:17:04+05:30,28.704876,77.18029,0.0,0.0,0.0,0.0,0.0
DL1PD4818,2025-12-09T08:17:04+05:30,28.629389,77.110901,0.0,0.0,0.0,0.0,0.0
DL1PD5467,2025-12-09T08:17:04+05:30,28.685629,77.222,0.0,0.0,0.0,0.0,0.0
DL1PD5786,2025-12-09T08:17:04+05:30,28.625858,77.065125,0.0,0.0,0.0,0.0,0.0
DL1PD6126,2025-12-09T08:17:04+05:30,28.619242,77.028824,0.0,0.0,0.0,0.0,0.0
DL1PD4874,2025-12-09T08:17:04+05:30,28.636913,77.060951,0.0,0.0,0.0,0.0,0.0
DL1PD4449,2025-12-09T08:17:04+05:30,28.685566,77.141411,0.0,0.0,0.0,0.0,0.0
DL1PD4146,2025-12-09T08:17:04+05:30,28.557722,77.051949,0.0,0.0,0.0,0.0,0.0
DL1PD4390,2025-12-09T08:17:04+05:30,28.638002,77.252777,0.0,0.0,0.0,0.0,0.0
DL1PD4683,2025-12-09T08:17:04+05:30,28.639961,77.104431,0.0,0.0,0.0,0.0,0.0
DL1PD6091,2025-12-09T08:17:04+05:30,28.636625,77.096893,0.0,0.0,0.0,0.0,0.0
DL1PD4936,2025-12-09T08:17:04+05:30,28.682236,77.053467,0.0,0.0,0.0,0.0,0.0
DL1PD5959,2025-12-09T08:17:04+05:30,28.694958,77.315094,0.0,0.0,0.0,0.0,0.0
DL1PD5336,2025-12-09T08:17:04+05:30,28.611502,77.11232,0.0,0.0,0.0,0.0,0.0
DL1PD4539,2025-12-09T08:17:04+05:30,28.701546,77.027557,0.0,0.0,0.0,0.0,0.0
DL1PD4968,2025-12-09T08:17:04+05:30,28.636551,77.095139,0.0,0.0,0.0,0.0,0.0
DL1PD5565,2025-12-09T08:17:04+05:30,28.660318,77.225212,0.0,0.0,0.0,0.0,0.0
DL1PD5376,2025-12-09T08:17:04+05:30,28.628902,77.0756,0.0,0.0,0.0,0.0,0.0
DL1PD6139,2025-12-09T08:17:04+05:30,28.734571,77.155411,0.0,0.0,0.0,0.0,0.0
DL1PD4371,2025-12-09T08:17:04+05:30,28.517702,77.188889,0.0,0.0,0.0,0.0,0.0
DL1PD5678,2025-12-09T08:17:04+05:30,28.587011,77.240974,0.0,0.0,0.0,0.0,0.0
DL1PD4315,2025-12-09T08:17:05+05:30,28.61869,77.075798,0.0,0.0,0.0,0.0,0.0
DL1PD4891,2025-12-09T08:17:05+05:30,28.660109,77.229439,0.0,0.0,0.0,0.0,0.0
DL1PD4951,2025-12-09T08:17:05+05:30,28.660654,77.186661,0.0,0.0,0.0,0.0,0.0
DL1PD5564,2025-12-09T08:17:05+05:30,28.689232,77.221352,0.0,0.0,0.0,0.0,0.0
DL1PD5907,2025-12-09T08:17:05+05:30,28.628271,77.133751,0.0,0.0,0.0,0.0,0.0
DL1PD5344,2025-12-09T08:17:05+05:30,28.558294,77.133011,0.0,0.0,0.0,0.0,0.0
DL1PD5801,2025-12-09T08:17:05+05:30,28.619328,77.027176,0.0,0.0,0.0,0.0,0.0
DL1PD5076,2025-12-09T08:17:05+05:30,28.636723,77.095558,0.0,0.0,0.0,0.0,0.0
DL1PD4948,2025-12-09T08:17:05+05:30,28.565105,77.264122,0.0,0.0,0.0,0.0,0.0
DL1PD6287,2025-12-09T08:17:05+05:30,28.696751,77.096153,0.0,0.0,0.0,0.0,0.0
DL1PD5388,2025-12-09T08:17:05+05:30,28.690081,77.27903,0.0,0.0,0.0,0.0,0.0
DL1PD5485,2025-12-09T08:17:05+05:30,28.6672,77.135605,0.0,0.0,0.0,0.0,0.0
DL1PD5977,2025-12-09T08:17:05+05:30,28.646091,77.20829,0.0,0.0,0.0,0.0,0.0
DL1PD5409,2025-12-09T08:17:05+05:30,28.644115,77.188675,0.0,0.0,0.0,0.0,0.0
DL1PD5159,2025-12-09T08:17:05+05:30,28.538023,77.092346,0.0,0.0,0.0,0.0,0.0
DL1PD5595,2025-12-09T08:17:05+05:30,28.560472,77.17025,0.0,0.0,0.0,0.0,0.0
DL1PD4693,2025-12-09T08:17:05+05:30,28.52737,77.151695,0.0,0.0,0.0,0.0,0.0
DL51GD0232,2025-12-09T08:17:05+05:30,28.669067,77.227936,0.0,0.0,0.0,0.0,0.0
DL1PD4942,2025-12-09T08:17:05+05:30,28.725155,77.128632,0.0,0.0,0.0,0.0,0.0
DL1PD4735,2025-12-09T08:17:05+05:30,28.523397,77.156639,0.0,0.0,0.0,0.0,0.0
DL1PD8438,2025-12-09T08:17:05+05:30,28.55895,77.219078,0.0,0.0,0.0,0.0,0.0
DL1PD4689,2025-12-09T08:17:05+05:30,28.521542,77.183022,0.0,0.0,0.0,0.0,0.0
DL1PD5718,2025-12-09T08:17:05+05:30,28.598173,77.063744,0.0,0.0,0.0,0.0,0.0
DL1PD4593,2025-12-09T08:17:05+05:30,28.557806,77.051888,0.0,0.0,0.0,0.0,0.0
DL1PD4723,2025-12-09T08:17:05+05:30,28.713326,77.216057,0.0,0.0,0.0,0.0,0.0
DL1PD4632,2025-12-09T08:17:05+05:30,28.661329,77.204323,0.0,0.0,0.0,0.0,0.0
DL1PD4451,2025-12-09T08:17:05+05:30,28.662397,77.182503,0.0,0.0,0.0,0.0,0.0
DL1PD6038,2025-12-09T08:17:05+05:30,28.615652,77.005554,0.0,0.0,0.0,0.0,0.0
DL1PD4591,2025-12-09T08:17:05+05:30,28.567137,77.061325,0.0,0.0,0.0,0.0,0.0
DL1PD5493,2025-12-09T08:17:05+05:30,28.675356,77.061707,0.0,0.0,0.0,0.0,0.0
DL51EV4193,2025-12-09T08:17:05+05:30,28.726629,77.20475,0.0,0.0,0.0,0.0,0.0
DL1PD5580,2025-12-09T08:17:05+05:30,28.645332,77.240273,0.0,0.0,0.0,0.0,0.0
DL51EV3238,2025-12-09T08:17:05+05:30,28.570179,77.13475,0.0,0.0,0.0,0.0,0.0
DL1PD4455,2025-12-09T08:17:05+05:30,28.666906,77.208931,0.0,0.0,0.0,0.0,0.0
DL1PD6470,2025-12-09T08:17:05+05:30,28.661861,77.23468,0.0,0.0,0.0,0.0,0.0
DL1PD5794,2025-12-09T08:17:05+05:30,28.638609,77.252174,0.0,0.0,0.0,0.0,0.0
DL51EV4197,2025-12-09T08:17:05+05:30,28.729446,77.147865,0.0,0.0,0.0,0.0,0.0
DL51EV4515,2025-12-09T08:17:05+05:30,28.636396,77.311813,0.0,0.0,0.0,0.0,0.0
DL1PD5267,2025-12-09T08:17:05+05:30,28.77183,77.14283,0.0,0.0,0.0,0.0,0.0
DL51EV4240,2025-12-09T08:17:05+05:30,28.52137,77.183449,0.0,0.0,0.0,0.0,0.0
DL1PD5855,2025-12-09T08:17:05+05:30,28.660206,77.230286,0.0,0.0,0.0,0.0,0.0
DL1PD4425,2025-12-09T08:17:05+05:30,28.642982,77.226608,0.0,0.0,0.0,0.0,0.0
DL1PD6180,2025-12-09T08:17:05+05:30,28.620037,77.038567,0.0,0.0,0.0,0.0,0.0
DL1PD4361,2025-12-09T08:17:05+05:30,28.501711,77.29068,0.0,0.0,0.0,0.0,0.0
DL1PD4912,2025-12-09T08:17:05+05:30,28.696699,77.096382,0.0,0.0,0.0,0.0,0.0
DL1PD6020,2025-12-09T08:17:05+05:30,28.586367,77.259422,0.0,0.0,0.0,0.0,0.0
DL51EV2887,2025-12-09T08:17:05+05:30,28.70336,77.075447,0.0,0.0,0.0,0.0,0.0
DL1PD4251,2025-12-09T08:17:05+05:30,28.542145,77.225876,0.0,0.0,0.0,0.0,0.0
DL1PD6100,2025-12-09T08:17:05+05:30,28.666584,77.225418,0.0,0.0,0.0,0.0,0.0
DL1PD4244,2025-12-09T08:17:05+05:30,28.70813,77.178154,0.0,0.0,0.0,0.0,0.0
DL1PD6163,2025-12-09T08:17:05+05:30,28.613955,77.136696,0.0,0.0,0.0,0.0,0.0
DL1PD8316,2025-12-09T08:17:05+05:30,28.621979,77.240555,0.0,0.0,0.0,0.0,0.0
DL1PD4237,2025-12-09T08:17:05+05:30,28.611504,77.08448,0.0,0.0,0.0,0.0,0.0
DL1PD4990,2025-12-09T08:17:05+05:30,28.534103,77.142471,0.0,0.0,0.0,0.0,0.0
DL1PD4473,2025-12-09T08:17:05+05:30,28.646244,77.167397,0.0,0.0,0.0,0.0,0.0
DL1PD4470,2025-12-09T08:17:05+05:30,28.682352,77.029617,0.0,0.0,0.0,0.0,0.0
DL1PD5009,2025-12-09T08:17:05+05:30,28.566088,77.133942,0.0,0.0,0.0,0.0,0.0
DL1PD6248,2025-12-09T08:17:05+05:30,28.696716,77.095917,0.0,0.0,0.0,0.0,0.0
DL1PD5036,2025-12-09T08:17:05+05:30,28.539742,77.028061,0.0,0.0,0.0,0.0,0.0
DL51EV4222,2025-12-09T08:17:05+05:30,28.703737,77.262291,0.0,0.0,0.0,0.0,0.0
DL1PD5585,2025-12-09T08:17:05+05:30,28.747948,77.089096,0.0,0.0,0.0,0.0,0.0
DL1PD4313,2025-12-09T08:17:05+05:30,28.50679,77.300354,0.0,0.0,0.0,0.0,0.0
DL1PD4570,2025-12-09T08:17:05+05:30,28.625172,77.110718,0.0,0.0,0.0,0.0,0.0
DL1PD4888,2025-12-09T08:17:05+05:30,28.521622,77.183098,0.0,0.0,0.0,0.0,0.0
DL1PD5465,2025-12-09T08:17:05+05:30,28.703726,77.075554,0.0,0.0,0.0,0.0,0.0
DL51EV3062,2025-12-09T08:17:05+05:30,28.69001,77.120575,0.0,0.0,0.0,0.0,0.0
DL1PD5418,2025-12-09T08:17:05+05:30,28.620352,77.044815,0.0,0.0,0.0,0.0,0.0
DL1PD4321,2025-12-09T08:17:05+05:30,28.692484,77.09993,0.0,0.0,0.0,0.0,0.0
DL1PD5519,2025-12-09T08:17:05+05:30,28.544674,77.201302,0.0,0.0,0.0,0.0,0.0
DL51EV3248,2025-12-09T08:17:05+05:30,28.703047,77.193588,0.0,0.0,0.0,0.0,0.0
DL1PD4441,2025-12-09T08:17:05+05:30,28.646065,77.207993,0.0,0.0,0.0,0.0,0.0
DL51EV4151,2025-12-09T08:17:05+05:30,28.648521,77.150887,0.0,0.0,0.0,0.0,0.0
DL1PD4434,2025-12-09T08:17:05+05:30,28.702196,77.16497,0.0,0.0,0.0,0.0,0.0
DL51EV4201,2025-12-09T08:17:05+05:30,28.734625,77.155693,0.0,0.0,0.0,0.0,0.0
DL51GD0411,2025-12-09T08:17:05+05:30,28.744595,77.152519,0.0,0.0,0.0,0.0,0.0
DL1PD5403,2025-12-09T08:17:05+05:30,28.52103,77.223534,0.0,0.0,0.0,0.0,0.0
DL1PD4424,2025-12-09T08:17:05+05:30,28.626768,77.213646,0.0,0.0,0.0,0.0,0.0
DL1PD4270,2025-12-09T08:17:05+05:30,28.590534,77.08696,0.0,0.0,0.0,0.0,0.0
DL1PD4413,2025-12-09T08:17:05+05:30,28.63303,77.215294,0.0,0.0,0.0,0.0,0.0
DL51GD1947,2025-12-09T08:17:05+05:30,28.607996,77.320473,0.0,0.0,0.0,0.0,0.0
DL1PD4576,2025-12-09T08:17:05+05:30,28.660255,77.226059,0.0,0.0,0.0,0.0,0.0
DL1PD6450,2025-12-09T08:17:05+05:30,28.586699,77.065903,0.0,0.0,0.0,0.0,0.0
DL51EV4350,2025-12-09T08:17:05+05:30,28.732971,77.172508,0.0,0.0,0.0,0.0,0.0
DL1PD4975,2025-12-09T08:17:05+05:30,28.509212,77.178001,0.0,0.0,0.0,0.0,0.0
DL1PD4128,2025-12-09T08:17:05+05:30,28.565485,77.250549,0.0,0.0,0.0,0.0,0.0
DL1PD4496,2025-12-09T08:17:05+05:30,28.71146,77.120155,0.0,0.0,0.0,0.0,0.0
DL51GD4116,2025-12-09T08:17:05+05:30,28.728542,77.197105,0.0,0.0,0.0,0.0,0.0
DL51GD4349,2025-12-09T08:17:05+05:30,28.734255,77.155609,0.0,0.0,0.0,0.0,0.0
DL1PD5152,2025-12-09T08:17:05+05:30,28.543667,77.205109,0.0,0.0,0.0,0.0,0.0
DL1PD5965,2025-12-09T08:17:05+05:30,28.637402,77.080933,0.0,0.0,0.0,0.0,0.0
DL1PD5569,2025-12-09T08:17:05+05:30,28.624708,77.067848,0.0,0.0,0.0,0.0,0.0
DL1PD6151,2025-12-09T08:17:05+05:30,28.567244,77.252846,0.0,0.0,0.0,0.0,0.0
DL1PD5612,2025-12-09T08:17:05+05:30,28.687195,77.221649,0.0,0.0,0.0,0.0,0.0
DL1PD4705,2025-12-09T08:17:05+05:30,28.542114,77.118301,0.0,0.0,0.0,0.0,0.0
DL1PD5317,2025-12-09T08:17:05+05:30,28.679863,77.195389,0.0,0.0,0.0,0.0,0.0
DL1PD5032,2025-12-09T08:17:05+05:30,28.586222,77.065338,0.0,0.0,0.0,0.0,0.0
DL1PD7027,2025-12-09T08:17:05+05:30,28.614704,77.284523,0.0,0.0,0.0,0.0,0.0
DL1PD4572,2025-12-09T08:17:05+05:30,28.683172,77.018372,0.0,0.0,0.0,0.0,0.0
DL1PD8219,2025-12-09T08:17:05+05:30,28.778507,77.094833,0.0,0.0,0.0,0.0,0.0
DL1PD4252,2025-12-09T08:17:05+05:30,28.736757,77.006874,0.0,0.0,0.0,0.0,0.0
DL1PD7106,2025-12-09T08:17:05+05:30,28.696676,77.210442,0.0,0.0,0.0,0.0,0.0
DL1PD4722,2025-12-09T08:17:05+05:30,28.67631,77.062569,0.0,0.0,0.0,0.0,0.0
DL1PD5217,2025-12-09T08:17:05+05:30,28.619734,77.017136,0.0,0.0,0.0,0.0,0.0
DL51EV3237,2025-12-09T08:17:05+05:30,28.737179,77.00869,0.0,0.0,0.0,0.0,0.0
DL51EV4330,2025-12-09T08:17:05+05:30,28.625986,77.065254,0.0,0.0,0.0,0.0,0.0
DL51EV3219,2025-12-09T08:17:05+05:30,28.675787,77.304169,0.0,0.0,0.0,0.0,0.0
DL1PD4289,2025-12-09T08:17:05+05:30,28.673355,77.16967,0.0,0.0,0.0,0.0,0.0
DL1PD5499,2025-12-09T08:17:05+05:30,28.619553,77.016479,0.0,0.0,0.0,0.0,0.0
DL1PD4247,2025-12-09T08:17:05+05:30,28.660816,77.222618,0.0,0.0,0.0,0.0,0.0
DL51EV4329,2025-12-09T08:17:05+05:30,28.703424,77.168945,0.0,0.0,0.0,0.0,0.0
DL1PD4273,2025-12-09T08:17:05+05:30,28.602753,77.133682,0.0,0.0,0.0,0.0,0.0
DL1PD7239,2025-12-09T08:17:05+05:30,28.613989,77.292862,0.0,0.0,0.0,0.0,0.0
DL51GD4003,2025-12-09T08:17:05+05:30,28.717415,77.169746,0.0,0.0,0.0,0.0,0.0
DL51EV2892,2025-12-09T08:17:05+05:30,28.756872,77.068146,0.0,0.0,0.0,0.0,0.0
DL1PD4565,2025-12-09T08:17:05+05:30,28.705402,77.08548,0.0,0.0,0.0,0.0,0.0
DL1PD5378,2025-12-09T08:17:05+05:30,28.601801,77.135941,0.0,0.0,0.0,0.0,0.0
DL51GD5737,2025-12-09T08:17:05+05:30,28.757067,77.196373,0.0,0.0,0.0,0.0,0.0
DL51EV4324,2025-12-09T08:17:05+05:30,28.516195,77.223434,0.0,0.0,0.0,0.0,0.0
DL1PD4781,2025-12-09T08:17:05+05:30,28.700176,77.094025,0.0,0.0,0.0,0.0,0.0
DL1PD5397,2025-12-09T08:17:05+05:30,28.708565,77.17746,0.0,0.0,0.0,0.0,0.0
DL51EV4205,2025-12-09T08:17:05+05:30,28.590574,77.168251,0.0,0.0,0.0,0.0,0.0
DL1PD4223,2025-12-09T08:17:05+05:30,28.522732,77.082741,0.0,0.0,0.0,0.0,0.0
DL51EV4176,2025-12-09T08:17:05+05:30,28.731995,77.191963,0.0,0.0,0.0,0.0,0.0
DL51EV2859,2025-12-09T08:17:05+05:30,28.660521,77.23613,0.0,0.0,0.0,0.0,0.0
DL51EV4322,2025-12-09T08:17:05+05:30,28.606615,77.123741,0.0,0.0,0.0,0.0,0.0
DL51EV4393,2025-12-09T08:17:05+05:30,28.539103,77.266586,0.0,0.0,0.0,0.0,0.0
DL1PD7090,2025-12-09T08:17:05+05:30,28.676619,77.32299,0.0,0.0,0.0,0.0,0.0
DL51EV3210,2025-12-09T08:17:05+05:30,28.636528,77.128616,0.0,0.0,0.0,0.0,0.0
DL1PD5592,2025-12-09T08:17:05+05:30,28.69923,77.095703,0.0,0.0,0.0,0.0,0.0
DL1PD4150,2025-12-09T08:17:05+05:30,28.666124,77.222214,0.0,0.0,0.0,0.0,0.0
DL51EV4361,2025-12-09T08:17:05+05:30,28.619225,77.249107,0.0,0.0,0.0,0.0,0.0
DL1PD8410,2025-12-09T08:17:06+05:30,28.513622,77.235146,0.0,0.0,0.0,0.0,0.0
DL1PD8395,2025-12-09T08:17:06+05:30,28.516432,77.223557,0.0,0.0,0.0,0.0,0.0
DL1PD8473,2025-12-09T08:17:06+05:30,28.524593,77.18409,0.0,0.0,0.0,0.0,0.0
DL1PD8437,2025-12-09T08:17:06+05:30,28.558804,77.218903,0.0,0.0,0.0,0.0,0.0
DL1PD4881,2025-12-09T08:17:06+05:30,28.751846,77.149635,0.0,0.0,0.0,0.0,0.0
DL1PD5289,2025-12-09T08:17:06+05:30,28.534792,77.141899,0.0,0.0,0.0,0.0,0.0
DL1PD5576,2025-12-09T08:17:06+05:30,28.68108,77.082199,0.0,0.0,0.0,0.0,0.0
DL1PD4412,2025-12-09T08:17:06+05:30,28.719753,77.085014,0.0,0.0,0.0,0.0,0.0
DL1PD4220,2025-12-09T08:17:06+05:30,28.590464,77.086617,0.0,0.0,0.0,0.0,0.0
DL51GD2400,2025-12-09T08:17:06+05:30,28.701073,77.289856,0.0,0.0,0.0,0.0,0.0
DL51EV4138,2025-12-09T08:17:06+05:30,28.668362,77.229218,0.0,0.0,0.0,0.0,0.0
DL1PD5967,2025-12-09T08:17:06+05:30,28.619345,77.027168,0.0,0.0,0.0,0.0,0.0
DL1PD5468,2025-12-09T08:17:06+05:30,28.619864,77.024979,0.0,0.0,0.0,0.0,0.0
DL1PD5575,2025-12-09T08:17:06+05:30,28.58666,77.065674,0.0,0.0,0.0,0.0,0.0
DL51EV4577,2025-12-09T08:17:06+05:30,28.634092,77.270103,0.0,0.0,0.0,0.0,0.0
DL1PD4780,2025-12-09T08:17:06+05:30,28.618946,77.191399,0.0,0.0,0.0,0.0,0.0
DL1PD4588,2025-12-09T08:17:06+05:30,28.553288,77.129784,0.0,0.0,0.0,0.0,0.0
DL1PD4814,2025-12-09T08:17:06+05:30,28.625076,77.065598,0.0,0.0,0.0,0.0,0.0
DL1PD4284,2025-12-09T08:17:06+05:30,28.591133,77.168114,0.0,0.0,0.0,0.0,0.0
DL1PD7184,2025-12-09T08:17:06+05:30,28.69976,77.201843,0.0,0.0,0.0,0.0,0.0
DL51EV4297,2025-12-09T08:17:06+05:30,28.665741,77.22213,0.0,0.0,0.0,0.0,0.0
DL1PD5087,2025-12-09T08:17:06+05:30,28.568676,77.218201,0.0,0.0,0.0,0.0,0.0
DL1PD7156,2025-12-09T08:17:06+05:30,28.530027,77.087502,0.0,0.0,0.0,0.0,0.0
DL51EV4379,2025-12-09T08:17:06+05:30,28.563086,77.20752,0.0,0.0,0.0,0.0,0.0
DL1PD6490,2025-12-09T08:17:06+05:30,28.666147,77.222046,0.0,0.0,0.0,0.0,0.0
DL1PD4603,2025-12-09T08:17:06+05:30,28.595638,77.069572,0.0,0.0,0.0,0.0,0.0
DL1PD5349,2025-12-09T08:17:06+05:30,28.52722,77.085617,0.0,0.0,0.0,0.0,0.0
DL1PD4756,2025-12-09T08:17:06+05:30,28.695436,77.213455,0.0,0.0,0.0,0.0,0.0
DL1PD6987,2025-12-09T08:17:06+05:30,28.569931,77.201897,0.0,0.0,0.0,0.0,0.0
DL1PD7266,2025-12-09T08:17:06+05:30,28.617374,77.339493,0.0,0.0,0.0,0.0,0.0
DL1PD4222,2025-12-09T08:17:06+05:30,28.671412,77.156517,0.0,0.0,0.0,0.0,0.0
DL51EV3071,2025-12-09T08:17:06+05:30,28.621004,77.205299,0.0,0.0,0.0,0.0,0.0
DL1PD4199,2025-12-09T08:17:06+05:30,28.623711,77.200882,0.0,0.0,0.0,0.0,0.0
DL51EV4317,2025-12-09T08:17:06+05:30,28.73275,77.197304,0.0,0.0,0.0,0.0,0.0
DL1PD7261,2025-12-09T08:17:06+05:30,28.669897,77.23098,0.0,0.0,0.0,0.0,0.0
DL1PD4679,2025-12-09T08:17:06+05:30,28.568638,77.134132,0.0,0.0,0.0,0.0,0.0
DL1PD4372,2025-12-09T08:17:06+05:30,28.67877,77.100227,0.0,0.0,0.0,0.0,0.0
DL1PD5887,2025-12-09T08:17:06+05:30,28.567493,77.252983,0.0,0.0,0.0,0.0,0.0
DL51EV3055,2025-12-09T08:17:06+05:30,28.621187,77.204987,0.0,0.0,0.0,0.0,0.0
DL1PD7264,2025-12-09T08:17:06+05:30,28.612814,77.322922,0.0,0.0,0.0,0.0,0.0
DL1PD4469,2025-12-09T08:17:06+05:30,28.727324,77.161858,0.0,0.0,0.0,0.0,0.0
DL1PD4290,2025-12-09T08:17:06+05:30,28.606434,77.226463,0.0,0.0,0.0,0.0,0.0
DL1PD4301,2025-12-09T08:17:06+05:30,28.70624,77.070793,0.0,0.0,0.0,0.0,0.0
DL51EV4368,2025-12-09T08:17:06+05:30,28.631262,77.149422,0.0,0.0,0.0,0.0,0.0
DL1PD4283,2025-12-09T08:17:06+05:30,28.551384,77.182625,0.0,0.0,0.0,0.0,0.0
DL1PD7005,2025-12-09T08:17:06+05:30,28.620962,77.292671,0.0,0.0,0.0,0.0,0.0
DL51EV3095,2025-12-09T08:17:06+05:30,28.548632,77.255432,0.0,0.0,0.0,0.0,0.0
DL1PD4266,2025-12-09T08:17:06+05:30,28.547285,77.125084,0.0,0.0,0.0,0.0,0.0
DL1PD4506,2025-12-09T08:17:06+05:30,28.592861,77.162209,0.0,0.0,0.0,0.0,0.0
DL1PD5490,2025-12-09T08:17:06+05:30,28.635693,77.226746,0.0,0.0,0.0,0.0,0.0
DL1PD4485,2025-12-09T08:17:06+05:30,28.717554,77.169693,0.0,0.0,0.0,0.0,0.0
DL51GD0269,2025-12-09T08:17:06+05:30,28.723797,77.268105,0.0,0.0,0.0,0.0,0.0
DL1PD5238,2025-12-09T08:17:06+05:30,28.634262,77.08992,0.0,0.0,0.0,0.0,0.0
DL51EV3249,2025-12-09T08:17:06+05:30,28.618614,77.206024,0.0,0.0,0.0,0.0,0.0
DL1PD7041,2025-12-09T08:17:06+05:30,28.655134,77.291824,0.0,0.0,0.0,0.0,0.0
DL1PD5734,2025-12-09T08:17:06+05:30,28.59239,77.081459,0.0,0.0,0.0,0.0,0.0
DL1PD5025,2025-12-09T08:17:06+05:30,28.636415,77.094742,0.0,0.0,0.0,0.0,0.0
DL1PD4421,2025-12-09T08:17:06+05:30,28.708033,77.178688,0.0,0.0,0.0,0.0,0.0
DL1PD6034,2025-12-09T08:17:06+05:30,28.587662,77.170753,0.0,0.0,0.0,0.0,0.0
DL1PD4327,2025-12-09T08:17:06+05:30,28.638136,77.146599,0.0,0.0,0.0,0.0,0.0
DL1PD4203,2025-12-09T08:17:06+05:30,28.575348,77.116913,0.0,0.0,0.0,0.0,0.0
DL1PD5325,2025-12-09T08:17:06+05:30,28.619244,77.030441,0.0,0.0,0.0,0.0,0.0
DL1PD4808,2025-12-09T08:17:06+05:30,28.682327,77.037476,0.0,0.0,0.0,0.0,0.0
DL1PD5254,2025-12-09T08:17:06+05:30,28.719759,77.167763,0.0,0.0,0.0,0.0,0.0
DL1PD5341,2025-12-09T08:17:06+05:30,28.669806,77.202782,0.0,0.0,0.0,0.0,0.0
DL1PD4841,2025-12-09T08:17:06+05:30,28.638102,77.252747,0.0,0.0,0.0,0.0,0.0
DL1PD8501,2025-12-09T08:17:06+05:30,28.511938,77.25106,0.0,0.0,0.0,0.0,0.0
DL1PD4706,2025-12-09T08:17:06+05:30,28.556091,77.297523,0.0,0.0,0.0,0.0,0.0
DL1PD5142,2025-12-09T08:17:06+05:30,28.564213,77.188828,0.0,0.0,0.0,0.0,0.0
DL1PD4914,2025-12-09T08:17:06+05:30,28.68651,77.026108,0.0,0.0,0.0,0.0,0.0
DL51EV4385,2025-12-09T08:17:06+05:30,28.500013,77.301445,0.0,0.0,0.0,0.0,0.0
DL1PD5796,2025-12-09T08:17:06+05:30,28.636324,77.310364,0.0,0.0,0.0,0.0,0.0
DL1PD5514,2025-12-09T08:17:06+05:30,28.628813,77.075966,0.0,0.0,0.0,0.0,0.0
DL1PD5211,2025-12-09T08:17:06+05:30,28.61957,77.03418,0.0,0.0,0.0,0.0,0.0
DL1PD5604,2025-12-09T08:17:06+05:30,28.55545,77.17659,0.0,0.0,0.0,0.0,0.0
DL1PD5258,2025-12-09T08:17:06+05:30,28.548744,77.031013,0.0,0.0,0.0,0.0,0.0
DL1PD5945,2025-12-09T08:17:06+05:30,28.662086,77.011925,0.0,0.0,0.0,0.0,0.0
DL1PD4867,2025-12-09T08:17:06+05:30,28.625586,77.065819,0.0,0.0,0.0,0.0,0.0
DL1PD8406,2025-12-09T08:17:06+05:30,28.512106,77.24852,0.0,0.0,0.0,0.0,0.0
DL1PD4560,2025-12-09T08:17:06+05:30,28.70303,77.075516,0.0,0.0,0.0,0.0,0.0
DL1PD5054,2025-12-09T08:17:06+05:30,28.674768,77.201775,0.0,0.0,0.0,0.0,0.0
DL1PD5701,2025-12-09T08:17:06+05:30,28.643927,77.224304,0.0,0.0,0.0,0.0,0.0
DL1PD4483,2025-12-09T08:17:06+05:30,28.686827,77.221703,0.0,0.0,0.0,0.0,0.0
DL51EV4339,2025-12-09T08:17:06+05:30,28.703337,77.264214,0.0,0.0,0.0,0.0,0.0
DL1PD4749,2025-12-09T08:17:06+05:30,28.590227,77.168419,0.0,0.0,0.0,0.0,0.0
DL1PD4692,2025-12-09T08:17:06+05:30,28.707762,77.134628,0.0,0.0,0.0,0.0,0.0
DL51GD0284,2025-12-09T08:17:06+05:30,28.617811,77.336891,0.0,0.0,0.0,0.0,0.0
DL1PD5973,2025-12-09T08:17:06+05:30,28.582855,77.068649,0.0,0.0,0.0,0.0,0.0
DL1PD4670,2025-12-09T08:17:06+05:30,28.592449,77.235924,0.0,0.0,0.0,0.0,0.0
DL1PD5636,2025-12-09T08:17:06+05:30,28.753105,77.074181,0.0,0.0,0.0,0.0,0.0
DL1PD5255,2025-12-09T08:17:06+05:30,28.529781,77.147858,0.0,0.0,0.0,0.0,0.0
DL1PD6077,2025-12-09T08:17:06+05:30,28.736898,77.006874,0.0,0.0,0.0,0.0,0.0
DL1PD4126,2025-12-09T08:17:06+05:30,28.677927,77.094353,0.0,0.0,0.0,0.0,0.0
DL1PD4589,2025-12-09T08:17:06+05:30,28.777401,77.020752,0.0,0.0,0.0,0.0,0.0
DL1PD7259,2025-12-09T08:17:06+05:30,28.6423,77.316238,0.0,0.0,0.0,0.0,0.0
DL1PD4381,2025-12-09T08:17:06+05:30,28.671974,77.139221,0.0,0.0,0.0,0.0,0.0
DL1PD4274,2025-12-09T08:17:06+05:30,28.619165,77.191582,0.0,0.0,0.0,0.0,0.0
DL1PD5598,2025-12-09T08:17:06+05:30,28.751293,77.01445,0.0,0.0,0.0,0.0,0.0
DL51EV3250,2025-12-09T08:17:06+05:30,28.702806,77.089577,0.0,0.0,0.0,0.0,0.0
DL1PD4250,2025-12-09T08:17:06+05:30,28.70076,77.092644,0.0,0.0,0.0,0.0,0.0
DL1PD4285,2025-12-09T08:17:06+05:30,28.616644,77.190315,0.0,0.0,0.0,0.0,0.0
DL51EV2841,2025-12-09T08:17:06+05:30,28.718697,77.0839,0.0,0.0,0.0,0.0,0.0
DL1PD5750,2025-12-09T08:17:06+05:30,28.625935,77.065331,0.0,0.0,0.0,0.0,0.0
DL1PD7142,2025-12-09T08:17:06+05:30,28.66238,77.233932,0.0,0.0,0.0,0.0,0.0
DL1PD4213,2025-12-09T08:17:06+05:30,28.717438,77.063995,0.0,0.0,0.0,0.0,0.0
DL1PD7141,2025-12-09T08:17:06+05:30,28.521595,77.082291,0.0,0.0,0.0,0.0,0.0
DL1PD4359,2025-12-09T08:17:06+05:30,28.569874,77.202553,0.0,0.0,0.0,0.0,0.0
DL51EV3256,2025-12-09T08:17:06+05:30,28.747786,77.089966,0.0,0.0,0.0,0.0,0.0
DL51EV3252,2025-12-09T08:17:06+05:30,28.643167,77.316696,0.0,0.0,0.0,0.0,0.0
DL1PD4543,2025-12-09T08:17:06+05:30,28.634796,77.140289,0.0,0.0,0.0,0.0,0.0
DL1PD4373,2025-12-09T08:17:06+05:30,28.665716,77.221924,0.0,0.0,0.0,0.0,0.0
DL51EV3288,2025-12-09T08:17:06+05:30,28.62569,77.065559,0.0,0.0,0.0,0.0,0.0
DL51EV4395,2025-12-09T08:17:06+05:30,28.73287,77.172264,0.0,0.0,0.0,0.0,0.0
DL51EV3093,2025-12-09T08:17:06+05:30,28.754988,77.199005,0.0,0.0,0.0,0.0,0.0
DL51EV3861,2025-12-09T08:17:06+05:30,28.598707,77.255569,0.0,0.0,0.0,0.0,0.0
DL51GD5714,2025-12-09T08:17:06+05:30,28.728212,77.197136,0.0,0.0,0.0,0.0,0.0
DL51EV3814,2025-12-09T08:17:06+05:30,28.742226,77.120659,0.0,0.0,0.0,0.0,0.0
DL1PD4132,2025-12-09T08:17:06+05:30,28.62845,77.216705,0.0,0.0,0.0,0.0,0.0
DL51EV4178,2025-12-09T08:17:06+05:30,28.645161,77.240372,0.0,0.0,0.0,0.0,0.0
DL1PD4399,2025-12-09T08:17:06+05:30,28.685001,77.000397,0.0,0.0,0.0,0.0,0.0
DL1PD5882,2025-12-09T08:17:06+05:30,28.688484,77.090866,0.0,0.0,0.0,0.0,0.0
DL1PD4420,2025-12-09T08:17:06+05:30,28.703026,77.167595,0.0,0.0,0.0,0.0,0.0
DL1PD6143,2025-12-09T08:17:06+05:30,28.703596,77.192055,0.0,0.0,0.0,0.0,0.0
DL1PD5712,2025-12-09T08:17:06+05:30,28.619797,77.0354,0.0,0.0,0.0,0.0,0.0
DL51GD4001,2025-12-09T08:17:06+05:30,28.711262,77.178185,0.0,0.0,0.0,0.0,0.0
DL1PD6961,2025-12-09T08:17:06+05:30,28.64592,77.315948,0.0,0.0,0.0,0.0,0.0
DL1PD5991,2025-12-09T08:17:06+05:30,28.585697,77.252419,0.0,0.0,0.0,0.0,0.0
DL1PD5535,2025-12-09T08:17:06+05:30,28.660124,77.22802,0.0,0.0,0.0,0.0,0.0
DL1PD5823,2025-12-09T08:17:06+05:30,28.563835,77.068306,0.0,0.0,0.0,0.0,0.0
DL1PD5102,2025-12-09T08:17:06+05:30,28.792253,77.095543,0.0,0.0,0.0,0.0,0.0
DL51EV4353,2025-12-09T08:17:06+05:30,28.537912,77.266922,0.0,0.0,0.0,0.0,0.0
DL1PD5477,2025-12-09T08:17:06+05:30,28.747616,77.09021,0.0,0.0,0.0,0.0,0.0
DL1PD5682,2025-12-09T08:17:06+05:30,28.619095,77.029755,0.0,0.0,0.0,0.0,0.0
DL1PD4949,2025-12-09T08:17:06+05:30,28.660267,77.22821,0.0,0.0,0.0,0.0,0.0
DL51EV4293,2025-12-09T08:17:06+05:30,28.623106,77.238838,0.0,0.0,0.0,0.0,0.0
DL1PD5466,2025-12-09T08:17:06+05:30,28.521553,77.183266,0.0,0.0,0.0,0.0,0.0
DL51GD4124,2025-12-09T08:17:06+05:30,28.72842,77.19725,0.0,0.0,0.0,0.0,0.0
DL1PD5061,2025-12-09T08:17:06+05:30,28.621244,77.204956,0.0,0.0,0.0,0.0,0.0
DL51EV3008,2025-12-09T08:17:06+05:30,28.703392,77.075401,0.0,0.0,0.0,0.0,0.0
DL1PD4181,2025-12-09T08:17:06+05:30,28.708229,77.17804,0.0,0.0,0.0,0.0,0.0
DL1PD5846,2025-12-09T08:17:06+05:30,28.59499,77.16732,0.0,0.0,0.0,0.0,0.0
DL51EV4190,2025-12-09T08:17:06+05:30,28.702999,77.167953,0.0,0.0,0.0,0.0,0.0
DL1PD4489,2025-12-09T08:17:06+05:30,28.797718,77.130447,0.0,0.0,0.0,0.0,0.0
DL1PD5985,2025-12-09T08:17:06+05:30,28.569895,77.185509,0.0,0.0,0.0,0.0,0.0
DL1PD5618,2025-12-09T08:17:06+05:30,28.64279,77.223648,0.0,0.0,0.0,0.0,0.0
DL1PD4281,2025-12-09T08:17:06+05:30,28.522123,77.197441,0.0,0.0,0.0,0.0,0.0
DL51EV4337,2025-12-09T08:17:06+05:30,28.728739,77.196495,0.0,0.0,0.0,0.0,0.0
DL1PD4148,2025-12-09T08:17:06+05:30,28.586742,77.259224,0.0,0.0,0.0,0.0,0.0
DL1PD7667,2025-12-09T08:17:07+05:30,28.561335,77.222313,0.0,0.0,0.0,0.0,0.0
DL1PD8453,2025-12-09T08:17:07+05:30,28.537722,77.19384,0.0,0.0,0.0,0.0,0.0
DL1PD8023,2025-12-09T08:17:07+05:30,28.745588,77.10865,0.0,0.0,0.0,0.0,0.0
DL1PD7946,2025-12-09T08:17:07+05:30,28.786055,77.04129,0.0,0.0,0.0,0.0,0.0
DL51EV3211,2025-12-09T08:17:07+05:30,28.688446,77.221489,0.0,0.0,0.0,0.0,0.0
DL1PD4923,2025-12-09T08:17:07+05:30,28.669882,77.229973,0.0,0.0,0.0,0.0,0.0
DL1PD7279,2025-12-09T08:17:07+05:30,28.62571,77.065666,0.0,0.0,0.0,0.0,0.0
DL1PD5950,2025-12-09T08:17:07+05:30,28.668608,77.10202,0.0,0.0,0.0,0.0,0.0
DL1PD5577,2025-12-09T08:17:07+05:30,28.621031,77.051765,0.0,0.0,0.0,0.0,0.0
DL1PD4521,2025-12-09T08:17:07+05:30,28.796587,77.139565,0.0,0.0,0.0,0.0,0.0
DL1PD8408,2025-12-09T08:17:07+05:30,28.570646,77.25531,0.0,0.0,0.0,0.0,0.0
DL51EV4397,2025-12-09T08:17:07+05:30,28.675249,77.256454,0.0,0.0,0.0,0.0,0.0
DL1PD4346,2025-12-09T08:17:07+05:30,28.547989,77.190582,0.0,0.0,0.0,0.0,0.0
DL1PD5805,2025-12-09T08:17:07+05:30,28.636276,77.313324,0.0,0.0,0.0,0.0,0.0
DL1PD8205,2025-12-09T08:17:07+05:30,28.721432,77.106445,0.0,0.0,0.0,0.0,0.0
DL1PD5671,2025-12-09T08:17:07+05:30,28.673315,77.169586,0.0,0.0,0.0,0.0,0.0
DL1PD5021,2025-12-09T08:17:07+05:30,28.619844,77.017471,0.0,0.0,0.0,0.0,0.0
DL1PD5315,2025-12-09T08:17:07+05:30,28.590004,77.168777,0.0,0.0,0.0,0.0,0.0
DL1PD4557,2025-12-09T08:17:07+05:30,28.719696,77.108696,0.0,0.0,0.0,0.0,0.0
DL1PD5920,2025-12-09T08:17:07+05:30,28.566357,77.228935,0.0,0.0,0.0,0.0,0.0
DL1PD4504,2025-12-09T08:17:07+05:30,28.660208,77.226547,0.0,0.0,0.0,0.0,0.0
DL1PD4350,2025-12-09T08:17:07+05:30,28.537628,77.094131,0.0,0.0,0.0,0.0,0.0
DL1PD5244,2025-12-09T08:17:07+05:30,28.602972,77.070374,0.0,0.0,0.0,0.0,0.0
DL1PD8479,2025-12-09T08:17:07+05:30,28.639288,77.224121,0.0,0.0,0.0,0.0,0.0
DL1PD5435,2025-12-09T08:17:07+05:30,28.660067,77.228409,0.0,0.0,0.0,0.0,0.0
DL1PD4526,2025-12-09T08:17:07+05:30,28.757065,77.067802,0.0,0.0,0.0,0.0,0.0
DL1PD5793,2025-12-09T08:17:07+05:30,28.62546,77.065315,0.0,0.0,0.0,0.0,0.0
DL51EV3006,2025-12-09T08:17:07+05:30,28.728321,77.075874,0.0,0.0,0.0,0.0,0.0
DL1PD4422,2025-12-09T08:17:07+05:30,28.706354,77.184334,0.0,0.0,0.0,0.0,0.0
DL1PD5321,2025-12-09T08:17:07+05:30,28.745638,77.102219,0.0,0.0,0.0,0.0,0.0
DL1PD4265,2025-12-09T08:17:07+05:30,28.710079,77.175682,0.0,0.0,0.0,0.0,0.0
DL51GD1723,2025-12-09T08:17:07+05:30,28.695162,77.254929,0.0,0.0,0.0,0.0,0.0
DL51EV4136,2025-12-09T08:17:07+05:30,28.546869,77.25219,0.0,0.0,0.0,0.0,0.0
DL1PD5634,2025-12-09T08:17:07+05:30,28.547049,77.124901,0.0,0.0,0.0,0.0,0.0
DL51EV3272,2025-12-09T08:17:07+05:30,28.746986,77.063728,0.0,0.0,0.0,0.0,0.0
DL1PD4655,2025-12-09T08:17:07+05:30,28.540632,77.184952,0.0,0.0,0.0,0.0,0.0
DL1PD7201,2025-12-09T08:17:07+05:30,28.589737,77.169067,0.0,0.0,0.0,0.0,0.0
DL1PD4498,2025-12-09T08:17:07+05:30,28.702431,77.090027,0.0,0.0,0.0,0.0,0.0
DL1PD4311,2025-12-09T08:17:07+05:30,28.747803,77.15152,0.0,0.0,0.0,0.0,0.0
DL51EV4349,2025-12-09T08:17:07+05:30,28.688522,77.228348,0.0,0.0,0.0,0.0,0.0
DL1PD6187,2025-12-09T08:17:07+05:30,28.667133,77.224586,0.0,0.0,0.0,0.0,0.0
DL1PD5584,2025-12-09T08:17:07+05:30,28.55517,77.131927,0.0,0.0,0.0,0.0,0.0
DL51EV3213,2025-12-09T08:17:07+05:30,28.70298,77.075302,0.0,0.0,0.0,0.0,0.0
DL1PD4364,2025-12-09T08:17:07+05:30,28.518665,77.159744,0.0,0.0,0.0,0.0,0.0
DL1PD4215,2025-12-09T08:17:07+05:30,28.660196,77.229446,0.0,0.0,0.0,0.0,0.0
DL51EV3207,2025-12-09T08:17:07+05:30,28.668852,77.226875,0.0,0.0,0.0,0.0,0.0
DL51EV3069,2025-12-09T08:17:07+05:30,28.732544,77.028816,0.0,0.0,0.0,0.0,0.0
DL51EV3261,2025-12-09T08:17:07+05:30,28.695112,77.102974,0.0,0.0,0.0,0.0,0.0
DL1PD7030,2025-12-09T08:17:07+05:30,28.67576,77.292465,0.0,0.0,0.0,0.0,0.0
DL1PD5268,2025-12-09T08:17:07+05:30,28.659779,77.144836,0.0,0.0,0.0,0.0,0.0
DL1PD5784,2025-12-09T08:17:07+05:30,28.593067,77.16275,0.0,0.0,0.0,0.0,0.0
DL1PD4656,2025-12-09T08:17:07+05:30,28.589655,77.068237,0.0,0.0,0.0,0.0,0.0
DL1PD5114,2025-12-09T08:17:07+05:30,28.703302,77.076157,0.0,0.0,0.0,0.0,0.0
DL51GD0292,2025-12-09T08:17:07+05:30,28.690754,77.278671,0.0,0.0,0.0,0.0,0.0
DL1PD5006,2025-12-09T08:17:07+05:30,28.791496,77.140121,0.0,0.0,0.0,0.0,0.0
DL1PD6993,2025-12-09T08:17:07+05:30,28.689604,77.329514,0.0,0.0,0.0,0.0,0.0
DL1PD4851,2025-12-09T08:17:07+05:30,28.636511,77.095078,0.0,0.0,0.0,0.0,0.0
DL1PD5437,2025-12-09T08:17:07+05:30,28.636648,77.095337,0.0,0.0,0.0,0.0,0.0
DL1PD7166,2025-12-09T08:17:07+05:30,28.673744,77.254585,0.0,0.0,0.0,0.0,0.0
DL1PD5511,2025-12-09T08:17:07+05:30,28.734703,77.155357,0.0,0.0,0.0,0.0,0.0
DL1PD6084,2025-12-09T08:17:07+05:30,28.79381,77.143898,0.0,0.0,0.0,0.0,0.0
DL1PD7091,2025-12-09T08:17:07+05:30,28.622286,77.296379,0.0,0.0,0.0,0.0,0.0
DL1PD5050,2025-12-09T08:17:07+05:30,28.673944,77.137917,0.0,0.0,0.0,0.0,0.0
DL1PD5638,2025-12-09T08:17:07+05:30,28.668119,77.225105,0.0,0.0,0.0,0.0,0.0
DL1PD4889,2025-12-09T08:17:07+05:30,28.637312,77.252739,0.0,0.0,0.0,0.0,0.0
DL1PD4911,2025-12-09T08:17:07+05:30,28.749353,77.084488,0.0,0.0,0.0,0.0,0.0
DL1PD4490,2025-12-09T08:17:07+05:30,28.701414,77.027596,0.0,0.0,0.0,0.0,0.0
DL1PD5984,2025-12-09T08:17:07+05:30,28.679764,77.094231,0.0,0.0,0.0,0.0,0.0
DL1PD4236,2025-12-09T08:17:07+05:30,28.622723,77.238342,0.0,0.0,0.0,0.0,0.0
DL1PD6076,2025-12-09T08:17:07+05:30,28.619238,77.029541,0.0,0.0,0.0,0.0,0.0
DL1PD5345,2025-12-09T08:17:07+05:30,28.668638,77.227463,0.0,0.0,0.0,0.0,0.0
DL1PD6442,2025-12-09T08:17:07+05:30,28.642286,77.17421,0.0,0.0,0.0,0.0,0.0
DL51GD5732,2025-12-09T08:17:07+05:30,28.733076,77.19796,0.0,0.0,0.0,0.0,0.0
DL1PD5148,2025-12-09T08:17:07+05:30,28.699106,77.096138,0.0,0.0,0.0,0.0,0.0
DL51EV4168,2025-12-09T08:17:07+05:30,28.695353,77.101807,0.0,0.0,0.0,0.0,0.0
DL1PD4995,2025-12-09T08:17:07+05:30,28.782047,77.097031,0.0,0.0,0.0,0.0,0.0
DL1PD4658,2025-12-09T08:17:07+05:30,28.642509,77.223526,0.0,0.0,0.0,0.0,0.0
DL1PD6071,2025-12-09T08:17:07+05:30,28.618128,77.077019,0.0,0.0,0.0,0.0,0.0
DL1PD5531,2025-12-09T08:17:07+05:30,28.702339,77.027718,0.0,0.0,0.0,0.0,0.0
DL1PD4955,2025-12-09T08:17:07+05:30,28.531275,77.079979,0.0,0.0,0.0,0.0,0.0
DL1PD5570,2025-12-09T08:17:07+05:30,28.70327,77.088654,0.0,0.0,0.0,0.0,0.0
DL51GD1748,2025-12-09T08:17:07+05:30,28.673681,77.284729,0.0,0.0,0.0,0.0,0.0
DL1PD4840,2025-12-09T08:17:07+05:30,28.668573,77.13588,0.0,0.0,0.0,0.0,0.0
DL1PD5867,2025-12-09T08:17:07+05:30,28.674898,77.131592,0.0,0.0,0.0,0.0,0.0
DL51EV3245,2025-12-09T08:17:07+05:30,28.699457,77.13784,0.0,0.0,0.0,0.0,0.0
DL51EV4119,2025-12-09T08:17:07+05:30,28.694818,77.103729,0.0,0.0,0.0,0.0,0.0
DL1PD4423,2025-12-09T08:17:07+05:30,28.693861,77.150925,0.0,0.0,0.0,0.0,0.0
DL1PD6326,2025-12-09T08:17:07+05:30,28.696266,77.211823,0.0,0.0,0.0,0.0,0.0
DL1PD4167,2025-12-09T08:17:07+05:30,28.574011,77.139771,0.0,0.0,0.0,0.0,0.0
DL1PD4607,2025-12-09T08:17:07+05:30,28.522316,77.082314,0.0,0.0,0.0,0.0,0.0
DL1PD5273,2025-12-09T08:17:07+05:30,28.648293,77.150658,0.0,0.0,0.0,0.0,0.0
DL1PD7277,2025-12-09T08:17:07+05:30,28.672398,77.257805,0.0,0.0,0.0,0.0,0.0
DL1PD5757,2025-12-09T08:17:07+05:30,28.592913,77.079033,0.0,0.0,0.0,0.0,0.0
DL51EV3060,2025-12-09T08:17:07+05:30,28.669991,77.26313,0.0,0.0,0.0,0.0,0.0
DL1PD4502,2025-12-09T08:17:07+05:30,28.660397,77.224579,0.0,0.0,0.0,0.0,0.0
DL51EV3010,2025-12-09T08:17:07+05:30,28.688179,77.095901,0.0,0.0,0.0,0.0,0.0
DL1PD4575,2025-12-09T08:17:07+05:30,28.660883,77.186195,0.0,0.0,0.0,0.0,0.0
DL51EV3026,2025-12-09T08:17:07+05:30,28.637367,77.129944,0.0,0.0,0.0,0.0,0.0
DL1PD5673,2025-12-09T08:17:07+05:30,28.625839,77.065117,0.0,0.0,0.0,0.0,0.0
DL1PD4523,2025-12-09T08:17:07+05:30,28.561007,77.277199,0.0,0.0,0.0,0.0,0.0
DL1PD6157,2025-12-09T08:17:07+05:30,28.599056,77.17495,0.0,0.0,0.0,0.0,0.0
DL1PD4362,2025-12-09T08:17:07+05:30,28.566339,77.176582,0.0,0.0,0.0,0.0,0.0
DL1PD5328,2025-12-09T08:17:07+05:30,28.546141,77.126068,0.0,0.0,0.0,0.0,0.0
DL1PD4295,2025-12-09T08:17:07+05:30,28.726793,77.052109,0.0,0.0,0.0,0.0,0.0
DL1PD4926,2025-12-09T08:17:07+05:30,28.631887,77.083092,0.0,0.0,0.0,0.0,0.0
DL1PD4707,2025-12-09T08:17:07+05:30,28.528322,77.150162,0.0,0.0,0.0,0.0,0.0
DL1PD5357,2025-12-09T08:17:07+05:30,28.624121,77.06427,0.0,0.0,0.0,0.0,0.0
DL1PD4335,2025-12-09T08:17:07+05:30,28.798023,77.035095,0.0,0.0,0.0,0.0,0.0
DL1PD4652,2025-12-09T08:17:07+05:30,28.590405,77.233444,0.0,0.0,0.0,0.0,0.0
DL1PD4240,2025-12-09T08:17:07+05:30,28.731522,77.035408,0.0,0.0,0.0,0.0,0.0
DL1PD7867,2025-12-09T08:17:08+05:30,28.562193,77.222832,0.0,0.0,0.0,0.0,0.0
DL1PD8444,2025-12-09T08:17:08+05:30,28.531395,77.19574,0.0,0.0,0.0,0.0,0.0
DL1PD5976,2025-12-09T08:17:08+05:30,28.681932,77.068718,0.0,0.0,0.0,0.0,0.0
DL1PD7164,2025-12-09T08:17:08+05:30,28.57703,77.17701,0.0,0.0,0.0,0.0,0.0
DL1PD4809,2025-12-09T08:17:08+05:30,28.548405,77.255135,0.0,0.0,0.0,0.0,0.0
DL1PD5343,2025-12-09T08:17:08+05:30,28.591633,77.168068,0.0,0.0,0.0,0.0,0.0
DL1PD5503,2025-12-09T08:17:08+05:30,28.747099,77.091301,0.0,0.0,0.0,0.0,0.0
DL1PD4969,2025-12-09T08:17:08+05:30,28.765501,77.145943,0.0,0.0,0.0,0.0,0.0
DL1PD5843,2025-12-09T08:17:08+05:30,28.584681,77.224792,0.0,0.0,0.0,0.0,0.0
DL1PD4233,2025-12-09T08:17:08+05:30,28.694483,77.216286,0.0,0.0,0.0,0.0,0.0
DL51GD1779,2025-12-09T08:17:08+05:30,28.726746,77.269539,0.0,0.0,0.0,0.0,0.0
DL1PD5231,2025-12-09T08:17:08+05:30,28.599401,77.17585,0.0,0.0,0.0,0.0,0.0
DL1PD6859,2025-12-09T08:17:08+05:30,28.619471,77.235954,0.0,0.0,0.0,0.0,0.0
DL51EV4181,2025-12-09T08:17:08+05:30,28.697393,77.315788,0.0,0.0,0.0,0.0,0.0
DL1PD6158,2025-12-09T08:17:08+05:30,28.568104,77.225029,0.0,0.0,0.0,0.0,0.0
DL1PD4248,2025-12-09T08:17:08+05:30,28.580736,77.09787,0.0,0.0,0.0,0.0,0.0
DL1PD4561,2025-12-09T08:17:08+05:30,28.660172,77.229637,0.0,0.0,0.0,0.0,0.0
DL1PD4673,2025-12-09T08:17:08+05:30,28.560543,77.071846,0.0,0.0,0.0,0.0,0.0
DL51GD1742,2025-12-09T08:17:08+05:30,28.617939,77.336662,0.0,0.0,0.0,0.0,0.0
DL1PD5970,2025-12-09T08:17:08+05:30,28.60544,77.126595,0.0,0.0,0.0,0.0,0.0
DL1PD4267,2025-12-09T08:17:08+05:30,28.560923,77.17617,0.0,0.0,0.0,0.0,0.0
DL51EV3257,2025-12-09T08:17:08+05:30,28.674875,77.093948,0.0,0.0,0.0,0.0,0.0
DL1PD5131,2025-12-09T08:17:08+05:30,28.679026,77.218391,0.0,0.0,0.0,0.0,0.0
DL1PD4294,2025-12-09T08:17:08+05:30,28.63818,77.252876,0.0,0.0,0.0,0.0,0.0
DL51GD4011,2025-12-09T08:17:08+05:30,28.783123,77.141403,0.0,0.0,0.0,0.0,0.0
DL1PD4500,2025-12-09T08:17:08+05:30,28.609182,77.100685,0.0,0.0,0.0,0.0,0.0
DL1PD8237,2025-12-09T08:17:08+05:30,28.799028,77.099648,0.0,0.0,0.0,0.0,0.0
DL1PD8220,2025-12-09T08:17:08+05:30,28.767744,77.18161,0.0,0.0,0.0,0.0,0.0
DL1PD8010,2025-12-09T08:17:08+05:30,28.739878,77.165985,0.0,0.0,0.0,0.0,0.0
DL1PD8553,2025-12-09T08:17:08+05:30,28.542004,77.182549,0.0,0.0,0.0,0.0,0.0
DL1PD6013,2025-12-09T08:17:08+05:30,28.66254,77.182274,0.0,0.0,0.0,0.0,0.0
DL1PD4447,2025-12-09T08:17:08+05:30,28.693253,77.153519,0.0,0.0,0.0,0.0,0.0
DL1PD4272,2025-12-09T08:17:08+05:30,28.625614,77.110802,0.0,0.0,0.0,0.0,0.0
DL1PD4226,2025-12-09T08:17:08+05:30,28.511593,77.183578,0.0,0.0,0.0,0.0,0.0
DL1PD5952,2025-12-09T08:17:08+05:30,28.64946,77.026955,0.0,0.0,0.0,0.0,0.0
DL1PD5151,2025-12-09T08:17:08+05:30,28.619026,77.031876,0.0,0.0,0.0,0.0,0.0
DL1PD5421,2025-12-09T08:17:08+05:30,28.641006,77.229996,0.0,0.0,0.0,0.0,0.0
DL1PD5922,2025-12-09T08:17:08+05:30,28.626997,77.279732,0.0,0.0,0.0,0.0,0.0
DL1PD4358,2025-12-09T08:17:08+05:30,28.548265,77.126389,0.0,0.0,0.0,0.0,0.0
DL1PD6360,2025-12-09T08:17:08+05:30,28.794712,77.036469,0.0,0.0,0.0,0.0,0.0
DL1PD7220,2025-12-09T08:17:08+05:30,28.637159,77.314552,0.0,0.0,0.0,0.0,0.0
DL1PD5553,2025-12-09T08:17:08+05:30,28.546806,77.193443,0.0,0.0,0.0,0.0,0.0
DL1PD4486,2025-12-09T08:17:08+05:30,28.631987,77.215446,0.0,0.0,0.0,0.0,0.0
DL1PD5340,2025-12-09T08:17:08+05:30,28.533195,77.195618,0.0,0.0,0.0,0.0,0.0
DL1PD6070,2025-12-09T08:17:08+05:30,28.682308,77.064278,0.0,0.0,0.0,0.0,0.0
DL1PD4535,2025-12-09T08:17:08+05:30,28.686583,77.026016,0.0,0.0,0.0,0.0,0.0
DL1PD4197,2025-12-09T08:17:08+05:30,28.529737,77.087158,0.0,0.0,0.0,0.0,0.0
DL1PD4991,2025-12-09T08:17:08+05:30,28.71785,77.083321,0.0,0.0,0.0,0.0,0.0
DL1PD7107,2025-12-09T08:17:08+05:30,28.749434,77.198593,0.0,0.0,0.0,0.0,0.0
DL1PD4612,2025-12-09T08:17:08+05:30,28.51873,77.210564,0.0,0.0,0.0,0.0,0.0
DL1PD5870,2025-12-09T08:17:08+05:30,28.65662,77.196579,0.0,0.0,0.0,0.0,0.0
DL1PD8544,2025-12-09T08:17:08+05:30,28.516596,77.222832,0.0,0.0,0.0,0.0,0.0
DL1PD8430,2025-12-09T08:17:08+05:30,28.642509,77.223785,0.0,0.0,0.0,0.0,0.0
DL1PD5978,2025-12-09T08:17:08+05:30,28.679672,77.094475,0.0,0.0,0.0,0.0,0.0
DL1PD6107,2025-12-09T08:17:08+05:30,28.625603,77.065704,0.0,0.0,0.0,0.0,0.0
DL1PD4834,2025-12-09T08:17:08+05:30,28.578321,77.176254,0.0,0.0,0.0,0.0,0.0
DL1PD5261,2025-12-09T08:17:08+05:30,28.590481,77.086716,0.0,0.0,0.0,0.0,0.0
DL1PD4664,2025-12-09T08:17:08+05:30,28.569605,77.132782,0.0,0.0,0.0,0.0,0.0
DL1PD4320,2025-12-09T08:17:08+05:30,28.581617,77.174133,0.0,0.0,0.0,0.0,0.0
DL1PD6116,2025-12-09T08:17:08+05:30,28.625731,77.065384,0.0,0.0,0.0,0.0,0.0
DL1PD5312,2025-12-09T08:17:08+05:30,28.642569,77.223503,0.0,0.0,0.0,0.0,0.0
DL1PD5880,2025-12-09T08:17:08+05:30,28.649681,77.027328,0.0,0.0,0.0,0.0,0.0
DL51EV3229,2025-12-09T08:17:08+05:30,28.708372,77.134834,0.0,0.0,0.0,0.0,0.0
DL1PD5936,2025-12-09T08:17:08+05:30,28.646088,77.021263,0.0,0.0,0.0,0.0,0.0
DL1PD4733,2025-12-09T08:17:08+05:30,28.619213,77.029633,0.0,0.0,0.0,0.0,0.0
DL1PD4984,2025-12-09T08:17:08+05:30,28.606632,77.12355,0.0,0.0,0.0,0.0,0.0
DL1PD5611,2025-12-09T08:17:08+05:30,28.753019,77.074852,0.0,0.0,0.0,0.0,0.0
DL1PD7093,2025-12-09T08:17:08+05:30,28.532166,77.318085,0.0,0.0,0.0,0.0,0.0
DL1PD5455,2025-12-09T08:17:08+05:30,28.714287,77.077042,0.0,0.0,0.0,0.0,0.0
DL51EV3215,2025-12-09T08:17:08+05:30,28.708208,77.12529,0.0,0.0,0.0,0.0,0.0
DL1PD5955,2025-12-09T08:17:08+05:30,28.587662,77.259346,0.0,0.0,0.0,0.0,0.0
DL1PD4141,2025-12-09T08:17:08+05:30,28.614132,77.106361,0.0,0.0,0.0,0.0,0.0
DL1PD4839,2025-12-09T08:17:08+05:30,28.619268,77.028442,0.0,0.0,0.0,0.0,0.0
DL1PD4411,2025-12-09T08:17:08+05:30,28.69742,77.027657,0.0,0.0,0.0,0.0,0.0
DL51EV4326,2025-12-09T08:17:08+05:30,28.706875,77.182083,0.0,0.0,0.0,0.0,0.0
DL1PD4945,2025-12-09T08:17:08+05:30,28.752329,77.14949,0.0,0.0,0.0,0.0,0.0
DL1PD4940,2025-12-09T08:17:08+05:30,28.531965,77.26947,0.0,0.0,0.0,0.0,0.0
DL1PD6219,2025-12-09T08:17:08+05:30,28.719706,77.068497,0.0,0.0,0.0,0.0,0.0
DL51EV3037,2025-12-09T08:17:08+05:30,28.693529,77.091797,0.0,0.0,0.0,0.0,0.0
DL1PD4391,2025-12-09T08:17:08+05:30,28.771078,77.017212,0.0,0.0,0.0,0.0,0.0
DL1PD4619,2025-12-09T08:17:08+05:30,28.611748,77.111954,0.0,0.0,0.0,0.0,0.0
DL1PD6103,2025-12-09T08:17:08+05:30,28.789995,77.039322,0.0,0.0,0.0,0.0,0.0
DL51GD0220,2025-12-09T08:17:08+05:30,28.705698,77.249222,0.0,0.0,0.0,0.0,0.0
DL1PD7105,2025-12-09T08:17:08+05:30,28.61898,77.337067,0.0,0.0,0.0,0.0,0.0
DL1PD6289,2025-12-09T08:17:08+05:30,28.758905,77.063255,0.0,0.0,0.0,0.0,0.0
DL1PD4123,2025-12-09T08:17:08+05:30,28.564159,77.178574,0.0,0.0,0.0,0.0,0.0
DL1PD6177,2025-12-09T08:17:08+05:30,28.619909,77.037292,0.0,0.0,0.0,0.0,0.0
DL1PD7204,2025-12-09T08:17:08+05:30,28.603014,77.32946,0.0,0.0,0.0,0.0,0.0
DL1PD4883,2025-12-09T08:17:08+05:30,28.67683,77.116821,0.0,0.0,0.0,0.0,0.0
DL1PD4530,2025-12-09T08:17:08+05:30,28.628267,77.246742,0.0,0.0,0.0,0.0,0.0
DL51EV4307,2025-12-09T08:17:08+05:30,28.654209,77.088692,0.0,0.0,0.0,0.0,0.0
DL1PD4343,2025-12-09T08:17:08+05:30,28.632687,77.215561,0.0,0.0,0.0,0.0,0.0
DL1PD5790,2025-12-09T08:17:08+05:30,28.522646,77.082588,0.0,0.0,0.0,0.0,0.0
DL1PD5536,2025-12-09T08:17:08+05:30,28.619944,77.024933,0.0,0.0,0.0,0.0,0.0
DL1PD6050,2025-12-09T08:17:08+05:30,28.619108,77.03006,0.0,0.0,0.0,0.0,0.0
DL1PD4471,2025-12-09T08:17:08+05:30,28.660143,77.23085,0.0,0.0,0.0,0.0,0.0
DL51EV3061,2025-12-09T08:17:08+05:30,28.678871,77.099403,0.0,0.0,0.0,0.0,0.0
DL1PD7134,2025-12-09T08:17:08+05:30,28.668238,77.228218,0.0,0.0,0.0,0.0,0.0
DL1PD5400,2025-12-09T08:17:08+05:30,28.541832,77.118217,0.0,0.0,0.0,0.0,0.0
DL51EV4334,2025-12-09T08:17:08+05:30,28.666307,77.221992,0.0,0.0,0.0,0.0,0.0
DL1PD5552,2025-12-09T08:17:08+05:30,28.787733,77.040306,0.0,0.0,0.0,0.0,0.0
DL1PD5972,2025-12-09T08:17:08+05:30,28.663557,77.092278,0.0,0.0,0.0,0.0,0.0
DL1PD6039,2025-12-09T08:17:08+05:30,28.583971,77.212334,0.0,0.0,0.0,0.0,0.0
DL1PD7119,2025-12-09T08:17:08+05:30,28.671967,77.260422,0.0,0.0,0.0,0.0,0.0
DL1PD4510,2025-12-09T08:17:08+05:30,28.540476,77.185249,0.0,0.0,0.0,0.0,0.0
DL1PD4531,2025-12-09T08:17:08+05:30,28.70816,77.17868,0.0,0.0,0.0,0.0,0.0
DL1PD5260,2025-12-09T08:17:08+05:30,28.692291,77.193459,0.0,0.0,0.0,0.0,0.0
DL51EV3842,2025-12-09T08:17:08+05:30,28.639904,77.240829,0.0,0.0,0.0,0.0,0.0
DL1PD4964,2025-12-09T08:17:08+05:30,28.718231,77.083519,0.0,0.0,0.0,0.0,0.0
DL1PD5137,2025-12-09T08:17:08+05:30,28.619308,77.028564,0.0,0.0,0.0,0.0,0.0
DL1PD4653,2025-12-09T08:17:08+05:30,28.661898,77.183334,0.0,0.0,0.0,0.0,0.0
DL1PD4279,2025-12-09T08:17:08+05:30,28.648592,77.200134,0.0,0.0,0.0,0.0,0.0
DL1PD6195,2025-12-09T08:17:08+05:30,28.709282,77.066849,0.0,0.0,0.0,0.0,0.0
DL1PD5881,2025-12-09T08:17:08+05:30,28.665646,77.173714,0.0,0.0,0.0,0.0,0.0
DL1PD5924,2025-12-09T08:17:08+05:30,28.6196,77.025787,0.0,0.0,0.0,0.0,0.0
DL1PD4415,2025-12-09T08:17:08+05:30,28.666693,77.211273,0.0,0.0,0.0,0.0,0.0
DL1PD5199,2025-12-09T08:17:08+05:30,28.565542,77.25032,0.0,0.0,0.0,0.0,0.0
DL51EV4370,2025-12-09T08:17:08+05:30,28.615797,77.249931,0.0,0.0,0.0,0.0,0.0
DL1PD5876,2025-12-09T08:17:08+05:30,28.643597,77.225075,0.0,0.0,0.0,0.0,0.0
DL51EV3881,2025-12-09T08:17:08+05:30,28.525669,77.260002,0.0,0.0,0.0,0.0,0.0
DL1PD4230,2025-12-09T08:17:08+05:30,28.728493,77.00219,0.0,0.0,0.0,0.0,0.0
DL1PD4394,2025-12-09T08:17:08+05:30,28.626654,77.213577,0.0,0.0,0.0,0.0,0.0
DL51EV4390,2025-12-09T08:17:08+05:30,28.698671,77.321709,0.0,0.0,0.0,0.0,0.0
DL1PD5429,2025-12-09T08:17:08+05:30,28.618242,77.013412,0.0,0.0,0.0,0.0,0.0
DL51EV3222,2025-12-09T08:17:09+05:30,28.713663,77.226814,0.0,0.0,0.0,0.0,0.0
DL51EV3032,2025-12-09T08:17:09+05:30,28.645189,77.314781,0.0,0.0,0.0,0.0,0.0
DL51EV3812,2025-12-09T08:17:09+05:30,28.620869,77.205521,0.0,0.0,0.0,0.0,0.0
DL1PD5294,2025-12-09T08:17:09+05:30,28.613756,77.105896,0.0,0.0,0.0,0.0,0.0
DL1PD4845,2025-12-09T08:17:09+05:30,28.522274,77.082367,0.0,0.0,0.0,0.0,0.0
DL1PD4370,2025-12-09T08:17:09+05:30,28.660261,77.228363,0.0,0.0,0.0,0.0,0.0
DL1PD8038,2025-12-09T08:17:09+05:30,28.774025,77.048134,0.0,0.0,0.0,0.0,0.0
DL1PD4193,2025-12-09T08:17:09+05:30,28.710283,77.176224,0.0,0.0,0.0,0.0,0.0
DL51EV3247,2025-12-09T08:17:09+05:30,28.722942,77.086197,0.0,0.0,0.0,0.0,0.0
DL1PD4225,2025-12-09T08:17:09+05:30,28.660061,77.229263,0.0,0.0,0.0,0.0,0.0
DL1PD4348,2025-12-09T08:17:09+05:30,28.540403,77.116943,0.0,0.0,0.0,0.0,0.0
DL1PD5500,2025-12-09T08:17:09+05:30,28.704348,77.08709,0.0,0.0,0.0,0.0,0.0
DL51EV3235,2025-12-09T08:17:09+05:30,28.735462,77.005951,0.0,0.0,0.0,0.0,0.0
DL1PD7083,2025-12-09T08:17:09+05:30,28.568241,77.25383,0.0,0.0,0.0,0.0,0.0
DL51GD1459,2025-12-09T08:17:09+05:30,28.776926,77.17955,0.0,0.0,0.0,0.0,0.0
DL51EV4351,2025-12-09T08:17:09+05:30,28.637222,77.146751,0.0,0.0,0.0,0.0,0.0
DL1PD4195,2025-12-09T08:17:09+05:30,28.708769,77.177521,0.0,0.0,0.0,0.0,0.0
DL1PD5128,2025-12-09T08:17:09+05:30,28.712215,77.106842,0.0,0.0,0.0,0.0,0.0
DL1PD5540,2025-12-09T08:17:09+05:30,28.776754,77.045975,0.0,0.0,0.0,0.0,0.0
DL1PD6118,2025-12-09T08:17:09+05:30,28.726904,77.08036,0.0,0.0,0.0,0.0,0.0
DL1PD5182,2025-12-09T08:17:09+05:30,28.728968,77.146729,0.0,0.0,0.0,0.0,0.0
DL1PD4201,2025-12-09T08:17:09+05:30,28.681917,77.068443,0.0,0.0,0.0,0.0,0.0
DL1PD5933,2025-12-09T08:17:09+05:30,28.662481,77.18235,0.0,0.0,0.0,0.0,0.0
DL51EV4505,2025-12-09T08:17:09+05:30,28.665747,77.222054,0.0,0.0,0.0,0.0,0.0
DL1PD8492,2025-12-09T08:17:09+05:30,28.536951,77.195709,0.0,0.0,0.0,0.0,0.0
DL1PD5072,2025-12-09T08:17:09+05:30,28.660221,77.228111,0.0,0.0,0.0,0.0,0.0
DL51EV3242,2025-12-09T08:17:09+05:30,28.67555,77.12748,0.0,0.0,0.0,0.0,0.0
DL51EV4387,2025-12-09T08:17:09+05:30,28.705801,77.227921,0.0,0.0,0.0,0.0,0.0
DL1PD7932,2025-12-09T08:17:09+05:30,28.752377,77.06353,0.0,0.0,0.0,0.0,0.0
DL1PD4957,2025-12-09T08:17:09+05:30,28.660404,77.142998,0.0,0.0,0.0,0.0,0.0
DL1PD4367,2025-12-09T08:17:09+05:30,28.648403,77.12075,0.0,0.0,0.0,0.0,0.0
DL1PD4379,2025-12-09T08:17:09+05:30,28.68239,77.095291,0.0,0.0,0.0,0.0,0.0
DL1PD6372,2025-12-09T08:17:09+05:30,28.72802,77.160995,0.0,0.0,0.0,0.0,0.0
DL1PD4649,2025-12-09T08:17:09+05:30,28.537897,77.092232,0.0,0.0,0.0,0.0,0.0
DL51EV3246,2025-12-09T08:17:09+05:30,28.643148,77.316582,0.0,0.0,0.0,0.0,0.0
DL1PD4899,2025-12-09T08:17:09+05:30,28.682226,77.053185,0.0,0.0,0.0,0.0,0.0
DL1PD4997,2025-12-09T08:17:09+05:30,28.618549,77.095261,0.0,0.0,0.0,0.0,0.0
DL51EV3004,2025-12-09T08:17:09+05:30,28.679306,77.097046,0.0,0.0,0.0,0.0,0.0
DL1PD5035,2025-12-09T08:17:09+05:30,28.660454,77.235985,0.0,0.0,0.0,0.0,0.0
DL1PD5001,2025-12-09T08:17:09+05:30,28.678688,77.224312,0.0,0.0,0.0,0.0,0.0
DL51EV3078,2025-12-09T08:17:09+05:30,28.647676,77.16481,0.0,0.0,0.0,0.0,0.0
DL1PD5821,2025-12-09T08:17:09+05:30,28.655382,77.188087,0.0,0.0,0.0,0.0,0.0
DL1PD5770,2025-12-09T08:17:09+05:30,28.725296,77.1632,0.0,0.0,0.0,0.0,0.0
DL1PD5865,2025-12-09T08:17:09+05:30,28.640007,77.239433,0.0,0.0,0.0,0.0,0.0
DL1PD5560,2025-12-09T08:17:09+05:30,28.737915,77.002274,0.0,0.0,0.0,0.0,0.0
DL1PD4326,2025-12-09T08:17:09+05:30,28.591021,77.069557,0.0,0.0,0.0,0.0,0.0
DL1PD4214,2025-12-09T08:17:09+05:30,28.748148,77.088768,0.0,0.0,0.0,0.0,0.0
DL1PD5957,2025-12-09T08:17:09+05:30,28.655331,77.319901,0.0,0.0,0.0,0.0,0.0
DL51EV4248,2025-12-09T08:17:09+05:30,28.707966,77.178787,0.0,0.0,0.0,0.0,0.0
DL1PD5902,2025-12-09T08:17:09+05:30,28.657139,77.149345,0.0,0.0,0.0,0.0,0.0
DL1PD5838,2025-12-09T08:17:09+05:30,28.726772,77.114082,0.0,0.0,0.0,0.0,0.0
DL51EV3244,2025-12-09T08:17:09+05:30,28.666985,77.221344,0.0,0.0,0.0,0.0,0.0
DL1PD6256,2025-12-09T08:17:09+05:30,28.740339,77.122269,0.0,0.0,0.0,0.0,0.0
DL1PD5702,2025-12-09T08:17:09+05:30,28.688324,77.091133,0.0,0.0,0.0,0.0,0.0
DL1PD5516,2025-12-09T08:17:09+05:30,28.646614,77.314713,0.0,0.0,0.0,0.0,0.0
DL1PD5439,2025-12-09T08:17:09+05:30,28.682373,77.037956,0.0,0.0,0.0,0.0,0.0
DL1PD5193,2025-12-09T08:17:09+05:30,28.696817,77.095947,0.0,0.0,0.0,0.0,0.0
DL1PD5864,2025-12-09T08:17:09+05:30,28.616623,77.008766,0.0,0.0,0.0,0.0,0.0
DL1PD5284,2025-12-09T08:17:09+05:30,28.635489,77.093468,0.0,0.0,0.0,0.0,0.0
DL1PD4553,2025-12-09T08:17:09+05:30,28.671019,77.158981,0.0,0.0,0.0,0.0,0.0
DL51EV4585,2025-12-09T08:17:09+05:30,28.656147,77.319939,0.0,0.0,0.0,0.0,0.0
DL1PD4208,2025-12-09T08:17:09+05:30,28.620729,77.206459,0.0,0.0,0.0,0.0,0.0
DL1PD4947,2025-12-09T08:17:09+05:30,28.717339,77.169876,0.0,0.0,0.0,0.0,0.0
DL1PD5002,2025-12-09T08:17:09+05:30,28.602442,77.057259,0.0,0.0,0.0,0.0,0.0
DL1PD5676,2025-12-09T08:17:09+05:30,28.558369,77.172112,0.0,0.0,0.0,0.0,0.0
DL1PD4880,2025-12-09T08:17:09+05:30,28.644556,77.2239,0.0,0.0,0.0,0.0,0.0
DL51EV3880,2025-12-09T08:17:09+05:30,28.650814,77.238487,0.0,0.0,0.0,0.0,0.0
DL51EV3100,2025-12-09T08:17:09+05:30,28.737202,77.197449,0.0,0.0,0.0,0.0,0.0
DL1PD4987,2025-12-09T08:17:09+05:30,28.52294,77.196533,0.0,0.0,0.0,0.0,0.0
DL1PD5719,2025-12-09T08:17:09+05:30,28.664492,77.05275,0.0,0.0,0.0,0.0,0.0
DL1PD6188,2025-12-09T08:17:09+05:30,28.725908,77.055481,0.0,0.0,0.0,0.0,0.0
DL1PD5893,2025-12-09T08:17:09+05:30,28.710012,77.136337,0.0,0.0,0.0,0.0,0.0
DL1PD5266,2025-12-09T08:17:09+05:30,28.52323,77.082832,0.0,0.0,0.0,0.0,0.0
DL1PD5145,2025-12-09T08:17:09+05:30,28.622408,77.059013,0.0,0.0,0.0,0.0,0.0
DL1PD5722,2025-12-09T08:17:09+05:30,28.61952,77.026329,0.0,0.0,0.0,0.0,0.0
DL51EV4139,2025-12-09T08:17:09+05:30,28.728806,77.196297,0.0,0.0,0.0,0.0,0.0
DL1PD5656,2025-12-09T08:17:09+05:30,28.693295,77.078278,0.0,0.0,0.0,0.0,0.0
DL1PD7254,2025-12-09T08:17:09+05:30,28.545885,77.123245,0.0,0.0,0.0,0.0,0.0
DL1PD4556,2025-12-09T08:17:09+05:30,28.68972,77.22142,0.0,0.0,0.0,0.0,0.0
DL1PD5934,2025-12-09T08:17:09+05:30,28.679686,77.094696,0.0,0.0,0.0,0.0,0.0
DL51EV3874,2025-12-09T08:17:09+05:30,28.657007,77.127449,0.0,0.0,0.0,0.0,0.0
DL1PD4815,2025-12-09T08:17:09+05:30,28.698189,77.195938,0.0,0.0,0.0,0.0,0.0
DL1PD5410,2025-12-09T08:17:09+05:30,28.673355,77.142143,0.0,0.0,0.0,0.0,0.0
DL1PD5236,2025-12-09T08:17:09+05:30,28.546925,77.057724,0.0,0.0,0.0,0.0,0.0
DL1PD6300,2025-12-09T08:17:09+05:30,28.730125,77.159401,0.0,0.0,0.0,0.0,0.0
DL1PD7245,2025-12-09T08:17:09+05:30,28.674063,77.242958,0.0,0.0,0.0,0.0,0.0
DL1PD4644,2025-12-09T08:17:09+05:30,28.708492,77.177513,0.0,0.0,0.0,0.0,0.0
DL1PD4467,2025-12-09T08:17:09+05:30,28.702362,77.075203,0.0,0.0,0.0,0.0,0.0
DL1PD5476,2025-12-09T08:17:09+05:30,28.696362,77.155655,0.0,0.0,0.0,0.0,0.0
DL1PD5620,2025-12-09T08:17:09+05:30,28.759846,77.06163,0.0,0.0,0.0,0.0,0.0
DL1PD4944,2025-12-09T08:17:09+05:30,28.668438,77.206512,0.0,0.0,0.0,0.0,0.0
DL1PD6001,2025-12-09T08:17:09+05:30,28.604567,77.0541,0.0,0.0,0.0,0.0,0.0
DL51EV4568,2025-12-09T08:17:09+05:30,28.70652,77.183891,0.0,0.0,0.0,0.0,0.0
DL1PD4790,2025-12-09T08:17:09+05:30,28.7223,77.215645,0.0,0.0,0.0,0.0,0.0
DL1PD4430,2025-12-09T08:17:09+05:30,28.751713,77.149704,0.0,0.0,0.0,0.0,0.0
DL1PD7022,2025-12-09T08:17:09+05:30,28.585306,77.252808,0.0,0.0,0.0,0.0,0.0
DL1PD4541,2025-12-09T08:17:09+05:30,28.590818,77.168282,0.0,0.0,0.0,0.0,0.0
DL1PD5330,2025-12-09T08:17:09+05:30,28.610636,77.113876,0.0,0.0,0.0,0.0,0.0
DL51EV4199,2025-12-09T08:17:09+05:30,28.625982,77.065521,0.0,0.0,0.0,0.0,0.0
DL1PD7133,2025-12-09T08:17:09+05:30,28.526796,77.252007,0.0,0.0,0.0,0.0,0.0
DL1PD5908,2025-12-09T08:17:09+05:30,28.622238,77.094269,0.0,0.0,0.0,0.0,0.0
DL1PD4680,2025-12-09T08:17:09+05:30,28.738901,77.135719,0.0,0.0,0.0,0.0,0.0
DL1PD4592,2025-12-09T08:17:09+05:30,28.644464,77.170891,0.0,0.0,0.0,0.0,0.0
DL1PD5272,2025-12-09T08:17:09+05:30,28.633053,77.086815,0.0,0.0,0.0,0.0,0.0
DL51EV4389,2025-12-09T08:17:09+05:30,28.703775,77.262093,0.0,0.0,0.0,0.0,0.0
DL1PD4429,2025-12-09T08:17:09+05:30,28.554821,77.131859,0.0,0.0,0.0,0.0,0.0
DL1PD5616,2025-12-09T08:17:09+05:30,28.62043,77.046829,0.0,0.0,0.0,0.0,0.0
DL1PD5727,2025-12-09T08:17:09+05:30,28.57914,77.102928,0.0,0.0,0.0,0.0,0.0
DL1PD5963,2025-12-09T08:17:09+05:30,28.621492,77.07,0.0,0.0,0.0,0.0,0.0
DL1PD6137,2025-12-09T08:17:09+05:30,28.617769,77.07798,0.0,0.0,0.0,0.0,0.0
DL1PD4771,2025-12-09T08:17:09+05:30,28.703413,77.07531,0.0,0.0,0.0,0.0,0.0
DL1PD5078,2025-12-09T08:17:09+05:30,28.77183,77.142868,0.0,0.0,0.0,0.0,0.0
DL1PD4631,2025-12-09T08:17:09+05:30,28.507811,77.176964,0.0,0.0,0.0,0.0,0.0
DL51EV3065,2025-12-09T08:17:09+05:30,28.744707,77.068008,0.0,0.0,0.0,0.0,0.0
DL1PD4935,2025-12-09T08:17:09+05:30,28.682173,77.061501,0.0,0.0,0.0,0.0,0.0
DL1PD4611,2025-12-09T08:17:09+05:30,28.554102,77.212509,0.0,0.0,0.0,0.0,0.0
DL1PD6085,2025-12-09T08:17:09+05:30,28.682556,77.069099,0.0,0.0,0.0,0.0,0.0
DL1PD6063,2025-12-09T08:17:09+05:30,28.556896,77.092178,0.0,0.0,0.0,0.0,0.0
DL1PD5848,2025-12-09T08:17:09+05:30,28.555632,77.049461,0.0,0.0,0.0,0.0,0.0
DL51EV4360,2025-12-09T08:17:09+05:30,28.644274,77.083817,0.0,0.0,0.0,0.0,0.0
DL1PD5975,2025-12-09T08:17:09+05:30,28.656237,77.186478,0.0,0.0,0.0,0.0,0.0
DL1PD8056,2025-12-09T08:17:10+05:30,28.738894,77.08107,0.0,0.0,0.0,0.0,0.0
DL1PD8217,2025-12-09T08:17:10+05:30,28.754499,77.171593,0.0,0.0,0.0,0.0,0.0
DL1PD8405,2025-12-09T08:17:10+05:30,28.590229,77.223663,0.0,0.0,0.0,0.0,0.0
DL1PD8422,2025-12-09T08:17:10+05:30,28.564762,77.178207,0.0,0.0,0.0,0.0,0.0
DL1PD8371,2025-12-09T08:17:10+05:30,28.623802,77.068039,0.0,0.0,0.0,0.0,0.0
DL51EV4301,2025-12-09T08:17:10+05:30,28.661703,77.320045,0.0,0.0,0.0,0.0,0.0
DL1PD4507,2025-12-09T08:17:10+05:30,28.66013,77.227684,0.0,0.0,0.0,0.0,0.0
DL51EV2888,2025-12-09T08:17:10+05:30,28.676394,77.323334,0.0,0.0,0.0,0.0,0.0
DL1PD7115,2025-12-09T08:17:10+05:30,28.621763,77.337502,0.0,0.0,0.0,0.0,0.0
DL1PD7278,2025-12-09T08:17:10+05:30,28.570169,77.254929,0.0,0.0,0.0,0.0,0.0
DL51EV4247,2025-12-09T08:17:10+05:30,28.564259,77.178635,0.0,0.0,0.0,0.0,0.0
DL1PD4697,2025-12-09T08:17:10+05:30,28.636181,77.095139,0.0,0.0,0.0,0.0,0.0
DL1PD5434,2025-12-09T08:17:10+05:30,28.6367,77.146904,0.0,0.0,0.0,0.0,0.0
DL1PD4550,2025-12-09T08:17:10+05:30,28.528439,77.271996,0.0,0.0,0.0,0.0,0.0
DL1PD4813,2025-12-09T08:17:10+05:30,28.68074,77.083313,0.0,0.0,0.0,0.0,0.0
DL1PD6377,2025-12-09T08:17:10+05:30,28.57896,77.041168,0.0,0.0,0.0,0.0,0.0
DL1PD5117,2025-12-09T08:17:10+05:30,28.701033,77.027695,0.0,0.0,0.0,0.0,0.0
DL1PD5401,2025-12-09T08:17:10+05:30,28.684589,77.003548,0.0,0.0,0.0,0.0,0.0
DL1PD4585,2025-12-09T08:17:10+05:30,28.673353,77.169693,0.0,0.0,0.0,0.0,0.0
DL1PD5127,2025-12-09T08:17:10+05:30,28.617554,77.032005,0.0,0.0,0.0,0.0,0.0
DL1PD5391,2025-12-09T08:17:10+05:30,28.670113,77.230476,0.0,0.0,0.0,0.0,0.0
DL1PD4452,2025-12-09T08:17:10+05:30,28.699341,77.122795,0.0,0.0,0.0,0.0,0.0
DL1PD4345,2025-12-09T08:17:10+05:30,28.549467,77.055405,0.0,0.0,0.0,0.0,0.0
DL51EV4571,2025-12-09T08:17:10+05:30,28.630617,77.316406,0.0,0.0,0.0,0.0,0.0
DL1PD4744,2025-12-09T08:17:10+05:30,28.682198,77.039146,0.0,0.0,0.0,0.0,0.0
DL1PD7202,2025-12-09T08:17:10+05:30,28.669827,77.230164,0.0,0.0,0.0,0.0,0.0
DL1PD4448,2025-12-09T08:17:10+05:30,28.676407,77.119957,0.0,0.0,0.0,0.0,0.0
DL1PD5997,2025-12-09T08:17:10+05:30,28.515932,77.226303,0.0,0.0,0.0,0.0,0.0
DL51EV3847,2025-12-09T08:17:10+05:30,28.703634,77.240257,0.0,0.0,0.0,0.0,0.0
DL1PD4783,2025-12-09T08:17:10+05:30,28.590164,77.168655,0.0,0.0,0.0,0.0,0.0
DL51EV3823,2025-12-09T08:17:10+05:30,28.695316,77.214546,0.0,0.0,0.0,0.0,0.0
DL1PD4238,2025-12-09T08:17:10+05:30,28.730858,77.002632,0.0,0.0,0.0,0.0,0.0
DL51EV3870,2025-12-09T08:17:10+05:30,28.603073,77.254051,0.0,0.0,0.0,0.0,0.0
DL51EV3255,2025-12-09T08:17:10+05:30,28.73769,77.007675,0.0,0.0,0.0,0.0,0.0
DL1PD4956,2025-12-09T08:17:10+05:30,28.648504,77.120613,0.0,0.0,0.0,0.0,0.0
DL51GD5722,2025-12-09T08:17:10+05:30,28.779438,77.179787,0.0,0.0,0.0,0.0,0.0
DL1PD5710,2025-12-09T08:17:10+05:30,28.648352,77.200562,0.0,0.0,0.0,0.0,0.0
DL1PD4650,2025-12-09T08:17:10+05:30,28.559692,77.071404,0.0,0.0,0.0,0.0,0.0
DL1PD5471,2025-12-09T08:17:10+05:30,28.626717,77.070015,0.0,0.0,0.0,0.0,0.0
DL1PD4558,2025-12-09T08:17:10+05:30,28.63266,77.215622,0.0,0.0,0.0,0.0,0.0
DL1PD4501,2025-12-09T08:17:10+05:30,28.703058,77.075714,0.0,0.0,0.0,0.0,0.0
DL1PD5051,2025-12-09T08:17:10+05:30,28.522106,77.082481,0.0,0.0,0.0,0.0,0.0
DL1PD5588,2025-12-09T08:17:10+05:30,28.548414,77.255844,0.0,0.0,0.0,0.0,0.0
DL1PD5354,2025-12-09T08:17:10+05:30,28.621733,77.206436,0.0,0.0,0.0,0.0,0.0
DL1PD5926,2025-12-09T08:17:10+05:30,28.663536,77.051758,0.0,0.0,0.0,0.0,0.0
DL1PD5352,2025-12-09T08:17:10+05:30,28.667461,77.222496,0.0,0.0,0.0,0.0,0.0
DL51GD0214,2025-12-09T08:17:10+05:30,28.703596,77.259789,0.0,0.0,0.0,0.0,0.0
DL1PD4962,2025-12-09T08:17:10+05:30,28.701939,77.128479,0.0,0.0,0.0,0.0,0.0
DL1PD4353,2025-12-09T08:17:10+05:30,28.610699,77.113792,0.0,0.0,0.0,0.0,0.0
DL1PD4784,2025-12-09T08:17:10+05:30,28.684027,77.008316,0.0,0.0,0.0,0.0,0.0
DL1PD5835,2025-12-09T08:17:10+05:30,28.638659,77.25209,0.0,0.0,0.0,0.0,0.0
DL1PD5578,2025-12-09T08:17:10+05:30,28.636229,77.095993,0.0,0.0,0.0,0.0,0.0
DL1PD6053,2025-12-09T08:17:10+05:30,28.557236,77.090927,0.0,0.0,0.0,0.0,0.0
DL1PD4893,2025-12-09T08:17:10+05:30,28.660973,77.185608,0.0,0.0,0.0,0.0,0.0
DL1PD4564,2025-12-09T08:17:10+05:30,28.706581,77.183105,0.0,0.0,0.0,0.0,0.0
DL1PD4351,2025-12-09T08:17:10+05:30,28.638481,77.146584,0.0,0.0,0.0,0.0,0.0
DL51GD4087,2025-12-09T08:17:10+05:30,28.699711,77.20829,0.0,0.0,0.0,0.0,0.0
DL1PD6911,2025-12-09T08:17:10+05:30,28.5469,77.306496,0.0,0.0,0.0,0.0,0.0
DL1PD4340,2025-12-09T08:17:10+05:30,28.623087,77.10141,0.0,0.0,0.0,0.0,0.0
DL1PD4643,2025-12-09T08:17:10+05:30,28.678761,77.100014,0.0,0.0,0.0,0.0,0.0
DL1PD4302,2025-12-09T08:17:10+05:30,28.636858,77.061012,0.0,0.0,0.0,0.0,0.0
DL1PD5557,2025-12-09T08:17:10+05:30,28.702869,77.075111,0.0,0.0,0.0,0.0,0.0
DL1PD5971,2025-12-09T08:17:10+05:30,28.609146,77.097389,0.0,0.0,0.0,0.0,0.0
DL1PD4870,2025-12-09T08:17:10+05:30,28.690378,77.279152,0.0,0.0,0.0,0.0,0.0
DL1PD4793,2025-12-09T08:17:10+05:30,28.583172,77.173302,0.0,0.0,0.0,0.0,0.0
DL51GD4086,2025-12-09T08:17:10+05:30,28.724447,77.180183,0.0,0.0,0.0,0.0,0.0
DL1PD5684,2025-12-09T08:17:10+05:30,28.725533,77.163101,0.0,0.0,0.0,0.0,0.0
DL51GD4128,2025-12-09T08:17:10+05:30,28.780277,77.179817,0.0,0.0,0.0,0.0,0.0
DL1PD4906,2025-12-09T08:17:10+05:30,28.573465,77.209511,0.0,0.0,0.0,0.0,0.0
DL1PD5745,2025-12-09T08:17:10+05:30,28.542631,77.1185,0.0,0.0,0.0,0.0,0.0
DL1PD5450,2025-12-09T08:17:10+05:30,28.633884,77.088722,0.0,0.0,0.0,0.0,0.0
DL51EV4320,2025-12-09T08:17:10+05:30,28.596153,77.164848,0.0,0.0,0.0,0.0,0.0
DL51EV4323,2025-12-09T08:17:10+05:30,28.651228,77.251816,0.0,0.0,0.0,0.0,0.0
DL1PD5213,2025-12-09T08:17:10+05:30,28.720707,77.166862,0.0,0.0,0.0,0.0,0.0
DL1PD4341,2025-12-09T08:17:10+05:30,28.516624,77.226982,0.0,0.0,0.0,0.0,0.0
DL1PD4674,2025-12-09T08:17:10+05:30,28.599144,77.081726,0.0,0.0,0.0,0.0,0.0
DL1PD4628,2025-12-09T08:17:10+05:30,28.667528,77.221909,0.0,0.0,0.0,0.0,0.0
DL51EV4386,2025-12-09T08:17:10+05:30,28.696224,77.144554,0.0,0.0,0.0,0.0,0.0
DL1PD7215,2025-12-09T08:17:10+05:30,28.578688,77.268272,0.0,0.0,0.0,0.0,0.0
DL51EV4268,2025-12-09T08:17:10+05:30,28.699909,77.158035,0.0,0.0,0.0,0.0,0.0
DL51EV4303,2025-12-09T08:17:10+05:30,28.668484,77.229126,0.0,0.0,0.0,0.0,0.0
DL1PD5364,2025-12-09T08:17:10+05:30,28.7311,77.159004,0.0,0.0,0.0,0.0,0.0
DL1PD4582,2025-12-09T08:17:10+05:30,28.603714,77.183769,0.0,0.0,0.0,0.0,0.0
DL51EV3018,2025-12-09T08:17:10+05:30,28.687799,77.089958,0.0,0.0,0.0,0.0,0.0
DL51EV3028,2025-12-09T08:17:10+05:30,28.653906,77.124695,0.0,0.0,0.0,0.0,0.0
DL1PD4728,2025-12-09T08:17:10+05:30,28.545271,77.24836,0.0,0.0,0.0,0.0,0.0
DL1PD7195,2025-12-09T08:17:10+05:30,28.613457,77.294174,0.0,0.0,0.0,0.0,0.0
DL51EV4121,2025-12-09T08:17:10+05:30,28.603355,77.223618,0.0,0.0,0.0,0.0,0.0
DL51EV3001,2025-12-09T08:17:10+05:30,28.723289,77.08799,0.0,0.0,0.0,0.0,0.0
DL1PD5888,2025-12-09T08:17:10+05:30,28.677038,77.113747,0.0,0.0,0.0,0.0,0.0
DL1PD4534,2025-12-09T08:17:10+05:30,28.706221,77.084579,0.0,0.0,0.0,0.0,0.0
DL51EV3819,2025-12-09T08:17:10+05:30,28.685295,77.095703,0.0,0.0,0.0,0.0,0.0
DL1PD7210,2025-12-09T08:17:10+05:30,28.57942,77.266891,0.0,0.0,0.0,0.0,0.0
DL1PD5253,2025-12-09T08:17:10+05:30,28.622383,77.196449,0.0,0.0,0.0,0.0,0.0
DL51EV4111,2025-12-09T08:17:10+05:30,28.590307,77.213028,0.0,0.0,0.0,0.0,0.0
DL1PD5568,2025-12-09T08:17:10+05:30,28.695551,77.081963,0.0,0.0,0.0,0.0,0.0
DL51EV4137,2025-12-09T08:17:10+05:30,28.648642,77.245789,0.0,0.0,0.0,0.0,0.0
DL1PD4525,2025-12-09T08:17:10+05:30,28.692389,77.220886,0.0,0.0,0.0,0.0,0.0
DL1PD5286,2025-12-09T08:17:10+05:30,28.673683,77.169312,0.0,0.0,0.0,0.0,0.0
DL1PD4594,2025-12-09T08:17:10+05:30,28.604988,77.052795,0.0,0.0,0.0,0.0,0.0
DL1PD5942,2025-12-09T08:17:10+05:30,28.625702,77.065186,0.0,0.0,0.0,0.0,0.0
DL1PD4460,2025-12-09T08:17:10+05:30,28.669046,77.16404,0.0,0.0,0.0,0.0,0.0
DL1PD6117,2025-12-09T08:17:10+05:30,28.548311,77.255226,0.0,0.0,0.0,0.0,0.0
DL1PD4494,2025-12-09T08:17:10+05:30,28.673288,77.144058,0.0,0.0,0.0,0.0,0.0
DL51EV4113,2025-12-09T08:17:10+05:30,28.618486,77.32151,0.0,0.0,0.0,0.0,0.0
DL1PD5925,2025-12-09T08:17:10+05:30,28.682673,77.030533,0.0,0.0,0.0,0.0,0.0
DL51EV2845,2025-12-09T08:17:10+05:30,28.693434,77.155708,0.0,0.0,0.0,0.0,0.0
DL51EV3054,2025-12-09T08:17:10+05:30,28.580957,77.174591,0.0,0.0,0.0,0.0,0.0
DL51EV3836,2025-12-09T08:17:10+05:30,28.603357,77.03302,0.0,0.0,0.0,0.0,0.0
DL51EV4188,2025-12-09T08:17:10+05:30,28.667978,77.223755,0.0,0.0,0.0,0.0,0.0
DL1PD4328,2025-12-09T08:17:10+05:30,28.581667,77.174332,0.0,0.0,0.0,0.0,0.0
DL1PD5911,2025-12-09T08:17:10+05:30,28.638918,77.203583,0.0,0.0,0.0,0.0,0.0
DL1PD6409,2025-12-09T08:17:10+05:30,28.598082,77.17305,0.0,0.0,0.0,0.0,0.0
DL51EV3276,2025-12-09T08:17:10+05:30,28.742235,77.120682,0.0,0.0,0.0,0.0,0.0
DL1PD4538,2025-12-09T08:17:10+05:30,28.682018,77.052116,0.0,0.0,0.0,0.0,0.0
DL1PD8193,2025-12-09T08:17:10+05:30,28.733364,77.089294,0.0,0.0,0.0,0.0,0.0
DL1PD4431,2025-12-09T08:17:10+05:30,28.661465,77.235733,0.0,0.0,0.0,0.0,0.0
DL1PD4436,2025-12-09T08:17:10+05:30,28.683325,77.222458,0.0,0.0,0.0,0.0,0.0
DL1PD4432,2025-12-09T08:17:10+05:30,28.712254,77.06218,0.0,0.0,0.0,0.0,0.0
DL1PD5191,2025-12-09T08:17:10+05:30,28.660212,77.227203,0.0,0.0,0.0,0.0,0.0
DL1PD4610,2025-12-09T08:17:10+05:30,28.542009,77.11824,0.0,0.0,0.0,0.0,0.0
DL1PD4939,2025-12-09T08:17:10+05:30,28.702488,77.075241,0.0,0.0,0.0,0.0,0.0
DL1PD5496,2025-12-09T08:17:10+05:30,28.62862,77.075478,0.0,0.0,0.0,0.0,0.0
DL1PD5147,2025-12-09T08:17:10+05:30,28.660389,77.226204,0.0,0.0,0.0,0.0,0.0
DL1PD4342,2025-12-09T08:17:10+05:30,28.612724,77.086563,0.0,0.0,0.0,0.0,0.0
DL1PD4626,2025-12-09T08:17:10+05:30,28.543318,77.069641,0.0,0.0,0.0,0.0,0.0
DL1PD4872,2025-12-09T08:17:10+05:30,28.5327,77.052841,0.0,0.0,0.0,0.0,0.0
DL1PD6011,2025-12-09T08:17:10+05:30,28.591385,77.233116,0.0,0.0,0.0,0.0,0.0
DL1PD5630,2025-12-09T08:17:10+05:30,28.628918,77.075989,0.0,0.0,0.0,0.0,0.0
DL1PD5442,2025-12-09T08:17:10+05:30,28.669947,77.162163,0.0,0.0,0.0,0.0,0.0
DL1PD4931,2025-12-09T08:17:11+05:30,28.678991,77.098038,0.0,0.0,0.0,0.0,0.0
DL1PD6237,2025-12-09T08:17:11+05:30,28.704203,77.190681,0.0,0.0,0.0,0.0,0.0
DL1PD6002,2025-12-09T08:17:11+05:30,28.596495,77.149414,0.0,0.0,0.0,0.0,0.0
DL1PD4920,2025-12-09T08:17:11+05:30,28.526999,77.190247,0.0,0.0,0.0,0.0,0.0
DL1PD4256,2025-12-09T08:17:11+05:30,28.569118,77.189568,0.0,0.0,0.0,0.0,0.0
DL1PD6309,2025-12-09T08:17:11+05:30,28.702068,77.195488,0.0,0.0,0.0,0.0,0.0
DL51EV3226,2025-12-09T08:17:11+05:30,28.750397,77.198555,0.0,0.0,0.0,0.0,0.0
DL1PD5642,2025-12-09T08:17:11+05:30,28.595304,77.152481,0.0,0.0,0.0,0.0,0.0
DL1PD4702,2025-12-09T08:17:11+05:30,28.725641,77.142532,0.0,0.0,0.0,0.0,0.0
DL1PD4747,2025-12-09T08:17:11+05:30,28.625418,77.065674,0.0,0.0,0.0,0.0,0.0
DL1PD5542,2025-12-09T08:17:11+05:30,28.745646,77.102913,0.0,0.0,0.0,0.0,0.0
DL51GD1935,2025-12-09T08:17:11+05:30,28.700006,77.298111,0.0,0.0,0.0,0.0,0.0
DL1PD5230,2025-12-09T08:17:11+05:30,28.636717,77.141579,0.0,0.0,0.0,0.0,0.0
DL1PD5430,2025-12-09T08:17:11+05:30,28.634495,77.174057,0.0,0.0,0.0,0.0,0.0
DL1PD5833,2025-12-09T08:17:11+05:30,28.60475,77.149345,0.0,0.0,0.0,0.0,0.0
DL1PD5839,2025-12-09T08:17:11+05:30,28.636164,77.093864,0.0,0.0,0.0,0.0,0.0
DL51GD5937,2025-12-09T08:17:11+05:30,28.682318,77.09491,0.0,0.0,0.0,0.0,0.0
DL51GD4308,2025-12-09T08:17:11+05:30,28.755735,77.19783,0.0,0.0,0.0,0.0,0.0
DL1PD4666,2025-12-09T08:17:11+05:30,28.560202,77.170647,0.0,0.0,0.0,0.0,0.0
DL1PD4712,2025-12-09T08:17:11+05:30,28.529512,77.288231,0.0,0.0,0.0,0.0,0.0
DL1PD5319,2025-12-09T08:17:11+05:30,28.578606,77.058784,0.0,0.0,0.0,0.0,0.0
DL1PD5512,2025-12-09T08:17:11+05:30,28.642515,77.177002,0.0,0.0,0.0,0.0,0.0
DL1PD6401,2025-12-09T08:17:11+05:30,28.515718,77.226822,0.0,0.0,0.0,0.0,0.0
DL1PD5192,2025-12-09T08:17:11+05:30,28.601097,77.178658,0.0,0.0,0.0,0.0,0.0
DL1PD5679,2025-12-09T08:17:11+05:30,28.780695,77.043793,0.0,0.0,0.0,0.0,0.0
DL51EV4114,2025-12-09T08:17:11+05:30,28.51515,77.22831,0.0,0.0,0.0,0.0,0.0
DL51GD5790,2025-12-09T08:17:11+05:30,28.728987,77.197235,0.0,0.0,0.0,0.0,0.0
DL1PD4206,2025-12-09T08:17:11+05:30,28.563267,77.058067,0.0,0.0,0.0,0.0,0.0
DL1PD5351,2025-12-09T08:17:11+05:30,28.667862,77.228981,0.0,0.0,0.0,0.0,0.0
DL1PD5909,2025-12-09T08:17:11+05:30,28.619354,77.02874,0.0,0.0,0.0,0.0,0.0
DL1PD4310,2025-12-09T08:17:11+05:30,28.6091,77.101196,0.0,0.0,0.0,0.0,0.0
DL1PD4665,2025-12-09T08:17:11+05:30,28.571795,77.06562,0.0,0.0,0.0,0.0,0.0
DL51EV3034,2025-12-09T08:17:11+05:30,28.669834,77.229675,0.0,0.0,0.0,0.0,0.0
DL1PD4826,2025-12-09T08:17:11+05:30,28.578743,77.058922,0.0,0.0,0.0,0.0,0.0
DL1PD5069,2025-12-09T08:17:11+05:30,28.542984,77.118851,0.0,0.0,0.0,0.0,0.0
DL1PD4928,2025-12-09T08:17:11+05:30,28.637711,77.181274,0.0,0.0,0.0,0.0,0.0
DL1PD6079,2025-12-09T08:17:11+05:30,28.606497,77.124054,0.0,0.0,0.0,0.0,0.0
DL1PD7157,2025-12-09T08:17:11+05:30,28.61714,77.288017,0.0,0.0,0.0,0.0,0.0
DL1PD5392,2025-12-09T08:17:11+05:30,28.726261,77.054115,0.0,0.0,0.0,0.0,0.0
DL1PD4440,2025-12-09T08:17:11+05:30,28.714254,77.077065,0.0,0.0,0.0,0.0,0.0
DL51EV4280,2025-12-09T08:17:11+05:30,28.648281,77.120461,0.0,0.0,0.0,0.0,0.0
DL1PD4387,2025-12-09T08:17:11+05:30,28.706446,77.183998,0.0,0.0,0.0,0.0,0.0
DL1PD4450,2025-12-09T08:17:11+05:30,28.694178,77.150696,0.0,0.0,0.0,0.0,0.0
DL1PD4196,2025-12-09T08:17:11+05:30,28.699993,77.125198,0.0,0.0,0.0,0.0,0.0
DL1PD8191,2025-12-09T08:17:11+05:30,28.742733,77.140259,0.0,0.0,0.0,0.0,0.0
DL1PD6351,2025-12-09T08:17:11+05:30,28.650482,77.08609,0.0,0.0,0.0,0.0,0.0
DL1PD4307,2025-12-09T08:17:11+05:30,28.579556,77.214485,0.0,0.0,0.0,0.0,0.0
DL1PD8470,2025-12-09T08:17:11+05:30,28.512161,77.247742,0.0,0.0,0.0,0.0,0.0
DL51EV3220,2025-12-09T08:17:11+05:30,28.6749,77.13166,0.0,0.0,0.0,0.0,0.0
DL1PD8047,2025-12-09T08:17:11+05:30,28.717363,77.17009,0.0,0.0,0.0,0.0,0.0
DL1PD7104,2025-12-09T08:17:11+05:30,28.602646,77.318741,0.0,0.0,0.0,0.0,0.0
DL1PD4332,2025-12-09T08:17:11+05:30,28.66235,77.20694,0.0,0.0,0.0,0.0,0.0
DL1PD7223,2025-12-09T08:17:11+05:30,28.675013,77.225525,0.0,0.0,0.0,0.0,0.0
DL1PD4377,2025-12-09T08:17:11+05:30,28.53857,77.089348,0.0,0.0,0.0,0.0,0.0
DL1PD4909,2025-12-09T08:17:11+05:30,28.772976,77.04866,0.0,0.0,0.0,0.0,0.0
DL1PD4982,2025-12-09T08:17:11+05:30,28.537741,77.095078,0.0,0.0,0.0,0.0,0.0
DL1PD5197,2025-12-09T08:17:11+05:30,28.619244,77.029564,0.0,0.0,0.0,0.0,0.0
DL51EV3074,2025-12-09T08:17:11+05:30,28.703255,77.07534,0.0,0.0,0.0,0.0,0.0
DL51EV4270,2025-12-09T08:17:11+05:30,28.587448,77.212631,0.0,0.0,0.0,0.0,0.0
DL1PD4154,2025-12-09T08:17:11+05:30,28.531988,77.088776,0.0,0.0,0.0,0.0,0.0
DL1PD4515,2025-12-09T08:17:11+05:30,28.667244,77.196815,0.0,0.0,0.0,0.0,0.0
DL1PD4478,2025-12-09T08:17:11+05:30,28.719238,77.084167,0.0,0.0,0.0,0.0,0.0
DL1PD5017,2025-12-09T08:17:11+05:30,28.619158,77.030762,0.0,0.0,0.0,0.0,0.0
DL1PD6325,2025-12-09T08:17:11+05:30,28.723902,77.073952,0.0,0.0,0.0,0.0,0.0
DL51EV4375,2025-12-09T08:17:11+05:30,28.729471,77.166374,0.0,0.0,0.0,0.0,0.0
DL1PD4312,2025-12-09T08:17:11+05:30,28.661135,77.235954,0.0,0.0,0.0,0.0,0.0
DL1PD4419,2025-12-09T08:17:11+05:30,28.67318,77.143547,0.0,0.0,0.0,0.0,0.0
DL1PD4190,2025-12-09T08:17:11+05:30,28.621817,77.206413,0.0,0.0,0.0,0.0,0.0
DL51EV4356,2025-12-09T08:17:11+05:30,28.643639,77.083534,0.0,0.0,0.0,0.0,0.0
DL1PD4622,2025-12-09T08:17:11+05:30,28.637142,77.146637,0.0,0.0,0.0,0.0,0.0
DL1PD5530,2025-12-09T08:17:11+05:30,28.700043,77.075409,0.0,0.0,0.0,0.0,0.0
DL1PD4661,2025-12-09T08:17:11+05:30,28.579056,77.103432,0.0,0.0,0.0,0.0,0.0
DL1PD4524,2025-12-09T08:17:11+05:30,28.721567,77.065346,0.0,0.0,0.0,0.0,0.0
DL1PD6108,2025-12-09T08:17:11+05:30,28.619253,77.027878,0.0,0.0,0.0,0.0,0.0
DL1PD4487,2025-12-09T08:17:11+05:30,28.722288,77.105522,0.0,0.0,0.0,0.0,0.0
DL1PD4743,2025-12-09T08:17:11+05:30,28.527475,77.15155,0.0,0.0,0.0,0.0,0.0
DL1PD5202,2025-12-09T08:17:11+05:30,28.662165,77.091682,0.0,0.0,0.0,0.0,0.0
DL1PD8072,2025-12-09T08:17:11+05:30,28.747627,77.090103,0.0,0.0,0.0,0.0,0.0
DL1PD4605,2025-12-09T08:17:11+05:30,28.6021,77.054634,0.0,0.0,0.0,0.0,0.0
DL1PD5624,2025-12-09T08:17:11+05:30,28.746244,77.096397,0.0,0.0,0.0,0.0,0.0
DL51EV4354,2025-12-09T08:17:11+05:30,28.584572,77.125877,0.0,0.0,0.0,0.0,0.0
DL51EV4521,2025-12-09T08:17:11+05:30,28.732552,77.171623,0.0,0.0,0.0,0.0,0.0
DL1PD4633,2025-12-09T08:17:11+05:30,28.59343,77.078209,0.0,0.0,0.0,0.0,0.0
DL1PD5868,2025-12-09T08:17:11+05:30,28.611809,77.190376,0.0,0.0,0.0,0.0,0.0
DL1PD4513,2025-12-09T08:17:11+05:30,28.672855,77.147301,0.0,0.0,0.0,0.0,0.0
DL1PD4638,2025-12-09T08:17:11+05:30,28.590487,77.08226,0.0,0.0,0.0,0.0,0.0
DL1PD4363,2025-12-09T08:17:11+05:30,28.708002,77.177956,0.0,0.0,0.0,0.0,0.0
DL1PD5903,2025-12-09T08:17:11+05:30,28.682232,77.06794,0.0,0.0,0.0,0.0,0.0
DL1PD6073,2025-12-09T08:17:11+05:30,28.682262,77.053314,0.0,0.0,0.0,0.0,0.0
DL1PD4255,2025-12-09T08:17:11+05:30,28.678219,77.104248,0.0,0.0,0.0,0.0,0.0
DL1PD8034,2025-12-09T08:17:11+05:30,28.725534,77.182571,0.0,0.0,0.0,0.0,0.0
DL51EV4131,2025-12-09T08:17:11+05:30,28.531454,77.194633,0.0,0.0,0.0,0.0,0.0
DL1PD4704,2025-12-09T08:17:11+05:30,28.682251,77.039703,0.0,0.0,0.0,0.0,0.0
DL1PD4979,2025-12-09T08:17:11+05:30,28.660112,77.229706,0.0,0.0,0.0,0.0,0.0
DL1PD4817,2025-12-09T08:17:11+05:30,28.660191,77.227394,0.0,0.0,0.0,0.0,0.0
DL1PD5444,2025-12-09T08:17:11+05:30,28.651728,77.157997,0.0,0.0,0.0,0.0,0.0
DL1PD5495,2025-12-09T08:17:11+05:30,28.752001,77.078575,0.0,0.0,0.0,0.0,0.0
DL1PD4667,2025-12-09T08:17:11+05:30,28.59041,77.086708,0.0,0.0,0.0,0.0,0.0
DL1PD5425,2025-12-09T08:17:11+05:30,28.659821,77.045883,0.0,0.0,0.0,0.0,0.0
DL1PD5509,2025-12-09T08:17:11+05:30,28.732651,77.155342,0.0,0.0,0.0,0.0,0.0
DL51GD5778,2025-12-09T08:17:11+05:30,28.736238,77.172058,0.0,0.0,0.0,0.0,0.0
DL51EV3096,2025-12-09T08:17:11+05:30,28.688246,77.091194,0.0,0.0,0.0,0.0,0.0
DL51EV4141,2025-12-09T08:17:11+05:30,28.651207,77.253227,0.0,0.0,0.0,0.0,0.0
DL1PD4877,2025-12-09T08:17:11+05:30,28.654894,77.200073,0.0,0.0,0.0,0.0,0.0
DL1PD4129,2025-12-09T08:17:11+05:30,28.566885,77.061104,0.0,0.0,0.0,0.0,0.0
DL1PD4640,2025-12-09T08:17:11+05:30,28.508162,77.17527,0.0,0.0,0.0,0.0,0.0
DL1PD5668,2025-12-09T08:17:11+05:30,28.626072,77.065338,0.0,0.0,0.0,0.0,0.0
DL1PD4211,2025-12-09T08:17:11+05:30,28.608929,77.101654,0.0,0.0,0.0,0.0,0.0
DL1PD5303,2025-12-09T08:17:11+05:30,28.703899,77.07502,0.0,0.0,0.0,0.0,0.0
DL51EV4504,2025-12-09T08:17:11+05:30,28.602863,77.329308,0.0,0.0,0.0,0.0,0.0
DL1PD4512,2025-12-09T08:17:11+05:30,28.660198,77.226974,0.0,0.0,0.0,0.0,0.0
DL1PD8216,2025-12-09T08:17:11+05:30,28.779863,77.095909,0.0,0.0,0.0,0.0,0.0
DL1PD4258,2025-12-09T08:17:11+05:30,28.674049,77.169174,0.0,0.0,0.0,0.0,0.0
DL51EV3009,2025-12-09T08:17:11+05:30,28.57967,77.213684,0.0,0.0,0.0,0.0,0.0
DL51EV4511,2025-12-09T08:17:11+05:30,28.562456,77.251244,0.0,0.0,0.0,0.0,0.0
DL51EV4335,2025-12-09T08:17:11+05:30,28.693813,77.217972,0.0,0.0,0.0,0.0,0.0
DL1PD5938,2025-12-09T08:17:11+05:30,28.585817,77.252258,0.0,0.0,0.0,0.0,0.0
DL1PD5593,2025-12-09T08:17:11+05:30,28.735428,77.012054,0.0,0.0,0.0,0.0,0.0
DL51EV4400,2025-12-09T08:17:11+05:30,28.735321,77.173576,0.0,0.0,0.0,0.0,0.0
DL1PD6125,2025-12-09T08:17:11+05:30,28.636374,77.312317,0.0,0.0,0.0,0.0,0.0
DL1PD4882,2025-12-09T08:17:11+05:30,28.619434,77.027901,0.0,0.0,0.0,0.0,0.0
DL1PD5861,2025-12-09T08:17:11+05:30,28.68787,77.089508,0.0,0.0,0.0,0.0,0.0
DL1PD5507,2025-12-09T08:17:11+05:30,28.652336,77.129402,0.0,0.0,0.0,0.0,0.0
DL1PD4779,2025-12-09T08:17:11+05:30,28.557751,77.206657,0.0,0.0,0.0,0.0,0.0
DL1PD4905,2025-12-09T08:17:11+05:30,28.679941,77.092529,0.0,0.0,0.0,0.0,0.0
DL1PD5858,2025-12-09T08:17:11+05:30,28.635548,77.093346,0.0,0.0,0.0,0.0,0.0
DL1PD5777,2025-12-09T08:17:11+05:30,28.659971,77.235985,0.0,0.0,0.0,0.0,0.0
DL1PD5082,2025-12-09T08:17:11+05:30,28.726376,77.162262,0.0,0.0,0.0,0.0,0.0
DL1PD5472,2025-12-09T08:17:11+05:30,28.668245,77.223915,0.0,0.0,0.0,0.0,0.0
DL1PD5302,2025-12-09T08:17:11+05:30,28.667849,77.212662,0.0,0.0,0.0,0.0,0.0
DL1PD5407,2025-12-09T08:17:11+05:30,28.694958,77.108017,0.0,0.0,0.0,0.0,0.0
DL1PD5743,2025-12-09T08:17:11+05:30,28.646734,77.314552,0.0,0.0,0.0,0.0,0.0
DL1PD4308,2025-12-09T08:17:11+05:30,28.566216,77.17662,0.0,0.0,0.0,0.0,0.0
DL51EV4336,2025-12-09T08:17:11+05:30,28.640043,77.145691,0.0,0.0,0.0,0.0,0.0
DL1PD5617,2025-12-09T08:17:11+05:30,28.619368,77.026939,0.0,0.0,0.0,0.0,0.0
DL1PD4977,2025-12-09T08:17:11+05:30,28.796337,77.139313,0.0,0.0,0.0,0.0,0.0
DL1PD5508,2025-12-09T08:17:11+05:30,28.511967,77.249527,0.0,0.0,0.0,0.0,0.0
DL1PD5928,2025-12-09T08:17:11+05:30,28.646614,77.117416,0.0,0.0,0.0,0.0,0.0
DL1PD6114,2025-12-09T08:17:11+05:30,28.784641,77.141258,0.0,0.0,0.0,0.0,0.0
DL1PD4695,2025-12-09T08:17:11+05:30,28.769457,77.049522,0.0,0.0,0.0,0.0,0.0
DL1PD5927,2025-12-09T08:17:11+05:30,28.652861,77.123932,0.0,0.0,0.0,0.0,0.0
DL1PD4816,2025-12-09T08:17:11+05:30,28.587301,77.066444,0.0,0.0,0.0,0.0,0.0
DL1PD5661,2025-12-09T08:17:11+05:30,28.548447,77.256088,0.0,0.0,0.0,0.0,0.0
DL1PD5367,2025-12-09T08:17:11+05:30,28.702562,77.165962,0.0,0.0,0.0,0.0,0.0
DL1PD5070,2025-12-09T08:17:11+05:30,28.613905,77.086739,0.0,0.0,0.0,0.0,0.0
DL1PD5240,2025-12-09T08:17:11+05:30,28.69133,77.310028,0.0,0.0,0.0,0.0,0.0
DL1PD4416,2025-12-09T08:17:11+05:30,28.664558,77.214584,0.0,0.0,0.0,0.0,0.0
DL1PD4966,2025-12-09T08:17:11+05:30,28.754517,77.148796,0.0,0.0,0.0,0.0,0.0
DL51EV4165,2025-12-09T08:17:11+05:30,28.695858,77.100601,0.0,0.0,0.0,0.0,0.0
DL1PD8478,2025-12-09T08:17:12+05:30,28.533096,77.231705,0.0,0.0,0.0,0.0,0.0
DL1PD8073,2025-12-09T08:17:12+05:30,28.723099,77.18248,0.0,0.0,0.0,0.0,0.0
DL1PD8389,2025-12-09T08:17:12+05:30,28.558331,77.206741,0.0,0.0,0.0,0.0,0.0
DL1PD4836,2025-12-09T08:17:12+05:30,28.623083,77.21286,0.0,0.0,0.0,0.0,0.0
DL1PD5427,2025-12-09T08:17:12+05:30,28.668859,77.136879,0.0,0.0,0.0,0.0,0.0
DL1PD7120,2025-12-09T08:17:12+05:30,28.60796,77.336685,0.0,0.0,0.0,0.0,0.0
DL1PD7129,2025-12-09T08:17:12+05:30,28.6978,77.313843,0.0,0.0,0.0,0.0,0.0
DL1PD4268,2025-12-09T08:17:12+05:30,28.61153,77.190521,0.0,0.0,0.0,0.0,0.0
DL1PD5586,2025-12-09T08:17:12+05:30,28.687334,77.205612,0.0,0.0,0.0,0.0,0.0
DL1PD4184,2025-12-09T08:17:12+05:30,28.543184,77.118797,0.0,0.0,0.0,0.0,0.0
DL1PD4554,2025-12-09T08:17:12+05:30,28.67816,77.106819,0.0,0.0,0.0,0.0,0.0
DL1PD5574,2025-12-09T08:17:12+05:30,28.70126,77.195282,0.0,0.0,0.0,0.0,0.0
DL51EV3240,2025-12-09T08:17:12+05:30,28.729834,77.123268,0.0,0.0,0.0,0.0,0.0
DL1PD4234,2025-12-09T08:17:12+05:30,28.693077,77.027992,0.0,0.0,0.0,0.0,0.0
DL1PD4404,2025-12-09T08:17:12+05:30,28.642952,77.22673,0.0,0.0,0.0,0.0,0.0
DL1PD4119,2025-12-09T08:17:12+05:30,28.65226,77.237335,0.0,0.0,0.0,0.0,0.0
DL51EV2839,2025-12-09T08:17:12+05:30,28.693476,77.219337,0.0,0.0,0.0,0.0,0.0
DL1PD7258,2025-12-09T08:17:12+05:30,28.756153,77.197289,0.0,0.0,0.0,0.0,0.0
DL1PD4675,2025-12-09T08:17:12+05:30,28.636791,77.09687,0.0,0.0,0.0,0.0,0.0
DL1PD4259,2025-12-09T08:17:12+05:30,28.719696,77.068336,0.0,0.0,0.0,0.0,0.0
DL1PD7136,2025-12-09T08:17:12+05:30,28.602045,77.325874,0.0,0.0,0.0,0.0,0.0
DL1PD4224,2025-12-09T08:17:12+05:30,28.569588,77.203239,0.0,0.0,0.0,0.0,0.0
DL1PD4934,2025-12-09T08:17:12+05:30,28.566738,77.228409,0.0,0.0,0.0,0.0,0.0
DL51EV3072,2025-12-09T08:17:12+05:30,28.703457,77.0755,0.0,0.0,0.0,0.0,0.0
DL51EV3274,2025-12-09T08:17:12+05:30,28.675804,77.299057,0.0,0.0,0.0,0.0,0.0
DL51EV4374,2025-12-09T08:17:12+05:30,28.69463,77.154984,0.0,0.0,0.0,0.0,0.0
DL1PD4331,2025-12-09T08:17:12+05:30,28.518335,77.213089,0.0,0.0,0.0,0.0,0.0
DL1PD7010,2025-12-09T08:17:12+05:30,28.667118,77.229401,0.0,0.0,0.0,0.0,0.0
DL51EV4371,2025-12-09T08:17:12+05:30,28.732489,77.181496,0.0,0.0,0.0,0.0,0.0
DL51EV4191,2025-12-09T08:17:12+05:30,28.636555,77.305473,0.0,0.0,0.0,0.0,0.0
DL1PD4549,2025-12-09T08:17:12+05:30,28.779909,77.141991,0.0,0.0,0.0,0.0,0.0
DL51EV3259,2025-12-09T08:17:12+05:30,28.628706,77.226814,0.0,0.0,0.0,0.0,0.0
DL1PD4219,2025-12-09T08:17:12+05:30,28.727577,77.144402,0.0,0.0,0.0,0.0,0.0
DL1PD5393,2025-12-09T08:17:12+05:30,28.634897,77.174156,0.0,0.0,0.0,0.0,0.0
DL1PD4885,2025-12-09T08:17:12+05:30,28.771593,77.137497,0.0,0.0,0.0,0.0,0.0
DL1PD6160,2025-12-09T08:17:12+05:30,28.585085,77.253029,0.0,0.0,0.0,0.0,0.0
DL1PD4333,2025-12-09T08:17:12+05:30,28.519007,77.209068,0.0,0.0,0.0,0.0,0.0
DL1PD4227,2025-12-09T08:17:12+05:30,28.674515,77.168892,0.0,0.0,0.0,0.0,0.0
DL1PD7121,2025-12-09T08:17:12+05:30,28.613346,77.316101,0.0,0.0,0.0,0.0,0.0
DL1PD4408,2025-12-09T08:17:12+05:30,28.679794,77.092606,0.0,0.0,0.0,0.0,0.0
DL1PD5093,2025-12-09T08:17:12+05:30,28.617121,77.009819,0.0,0.0,0.0,0.0,0.0
DL51EV4133,2025-12-09T08:17:12+05:30,28.53956,77.188553,0.0,0.0,0.0,0.0,0.0
DL1PD4503,2025-12-09T08:17:12+05:30,28.719469,77.084694,0.0,0.0,0.0,0.0,0.0
DL1PD5398,2025-12-09T08:17:12+05:30,28.666121,77.22287,0.0,0.0,0.0,0.0,0.0
DL51EV4174,2025-12-09T08:17:12+05:30,28.540588,77.265793,0.0,0.0,0.0,0.0,0.0
DL1PD4187,2025-12-09T08:17:12+05:30,28.726503,77.05323,0.0,0.0,0.0,0.0,0.0
DL1PD4261,2025-12-09T08:17:12+05:30,28.640915,77.176025,0.0,0.0,0.0,0.0,0.0
DL1PD4479,2025-12-09T08:17:12+05:30,28.578341,77.0448,0.0,0.0,0.0,0.0,0.0
DL51EV3230,2025-12-09T08:17:12+05:30,28.646854,77.084557,0.0,0.0,0.0,0.0,0.0
DL1PD5829,2025-12-09T08:17:12+05:30,28.717718,77.071144,0.0,0.0,0.0,0.0,0.0
DL1PD5298,2025-12-09T08:17:12+05:30,28.654619,77.200569,0.0,0.0,0.0,0.0,0.0
DL1PD4578,2025-12-09T08:17:12+05:30,28.632071,77.21524,0.0,0.0,0.0,0.0,0.0
DL1PD5138,2025-12-09T08:17:12+05:30,28.636396,77.222366,0.0,0.0,0.0,0.0,0.0
DL51EV4523,2025-12-09T08:17:12+05:30,28.647766,77.240166,0.0,0.0,0.0,0.0,0.0
DL51EV4524,2025-12-09T08:17:12+05:30,28.528255,77.215065,0.0,0.0,0.0,0.0,0.0
DL1PD4304,2025-12-09T08:17:12+05:30,28.637634,77.146568,0.0,0.0,0.0,0.0,0.0
DL1PD4269,2025-12-09T08:17:12+05:30,28.627932,77.216141,0.0,0.0,0.0,0.0,0.0
DL1PD4636,2025-12-09T08:17:12+05:30,28.666214,77.221634,0.0,0.0,0.0,0.0,0.0
DL51EV3218,2025-12-09T08:17:12+05:30,28.706654,77.229424,0.0,0.0,0.0,0.0,0.0
DL51EV3204,2025-12-09T08:17:12+05:30,28.779224,77.179825,0.0,0.0,0.0,0.0,0.0
DL1PD4992,2025-12-09T08:17:12+05:30,28.5488,77.118607,0.0,0.0,0.0,0.0,0.0
DL1PD4989,2025-12-09T08:17:12+05:30,28.71426,77.172623,0.0,0.0,0.0,0.0,0.0
DL51EV4343,2025-12-09T08:17:12+05:30,28.538227,77.266937,0.0,0.0,0.0,0.0,0.0
DL51GD2307,2025-12-09T08:17:12+05:30,28.674524,77.28788,0.0,0.0,0.0,0.0,0.0
DL1PD4484,2025-12-09T08:17:12+05:30,28.572092,77.266022,0.0,0.0,0.0,0.0,0.0
DL1PD5374,2025-12-09T08:17:12+05:30,28.693821,77.102356,0.0,0.0,0.0,0.0,0.0
DL1PD5373,2025-12-09T08:17:12+05:30,28.619843,77.025002,0.0,0.0,0.0,0.0,0.0
DL1PD4654,2025-12-09T08:17:12+05:30,28.596575,77.165962,0.0,0.0,0.0,0.0,0.0
DL1PD4166,2025-12-09T08:17:12+05:30,28.591681,77.07003,0.0,0.0,0.0,0.0,0.0
DL1PD5226,2025-12-09T08:17:12+05:30,28.626921,77.070465,0.0,0.0,0.0,0.0,0.0
DL51GD5740,2025-12-09T08:17:12+05:30,28.724096,77.180359,0.0,0.0,0.0,0.0,0.0
DL1PD5106,2025-12-09T08:17:12+05:30,28.66881,77.229034,0.0,0.0,0.0,0.0,0.0
DL1PD5184,2025-12-09T08:17:12+05:30,28.603685,77.211441,0.0,0.0,0.0,0.0,0.0
DL51EV3239,2025-12-09T08:17:12+05:30,28.643379,77.316734,0.0,0.0,0.0,0.0,0.0
DL1PD4876,2025-12-09T08:17:12+05:30,28.591188,77.06958,0.0,0.0,0.0,0.0,0.0
DL1PD6081,2025-12-09T08:17:12+05:30,28.745275,77.151817,0.0,0.0,0.0,0.0,0.0
DL1PD4782,2025-12-09T08:17:12+05:30,28.679783,77.092239,0.0,0.0,0.0,0.0,0.0
DL1PD6134,2025-12-09T08:17:12+05:30,28.626135,77.065567,0.0,0.0,0.0,0.0,0.0
DL1PD5658,2025-12-09T08:17:12+05:30,28.548458,77.25602,0.0,0.0,0.0,0.0,0.0
DL1PD5283,2025-12-09T08:17:12+05:30,28.799707,77.099579,0.0,0.0,0.0,0.0,0.0
DL1PD5043,2025-12-09T08:17:12+05:30,28.747107,77.092697,0.0,0.0,0.0,0.0,0.0
DL1PD5013,2025-12-09T08:17:12+05:30,28.773857,77.143295,0.0,0.0,0.0,0.0,0.0
DL1PD4838,2025-12-09T08:17:12+05:30,28.537304,77.092133,0.0,0.0,0.0,0.0,0.0
DL51EV3080,2025-12-09T08:17:12+05:30,28.661747,77.183701,0.0,0.0,0.0,0.0,0.0
DL1PD6037,2025-12-09T08:17:12+05:30,28.625957,77.065117,0.0,0.0,0.0,0.0,0.0
DL1PD4139,2025-12-09T08:17:12+05:30,28.610933,77.083488,0.0,0.0,0.0,0.0,0.0
DL51EV3223,2025-12-09T08:17:12+05:30,28.735029,77.156128,0.0,0.0,0.0,0.0,0.0
DL1PD4734,2025-12-09T08:17:12+05:30,28.679729,77.09211,0.0,0.0,0.0,0.0,0.0
DL51GD1710,2025-12-09T08:17:12+05:30,28.749655,77.249954,0.0,0.0,0.0,0.0,0.0
DL1PD5905,2025-12-09T08:17:12+05:30,28.592665,77.161827,0.0,0.0,0.0,0.0,0.0
DL1PD5386,2025-12-09T08:17:12+05:30,28.587887,77.223984,0.0,0.0,0.0,0.0,0.0
DL1PD5196,2025-12-09T08:17:12+05:30,28.693855,77.151031,0.0,0.0,0.0,0.0,0.0
DL1PD5731,2025-12-09T08:17:12+05:30,28.619427,77.026718,0.0,0.0,0.0,0.0,0.0
DL1PD5234,2025-12-09T08:17:12+05:30,28.57369,77.139122,0.0,0.0,0.0,0.0,0.0
DL1PD5062,2025-12-09T08:17:12+05:30,28.781923,77.141159,0.0,0.0,0.0,0.0,0.0
DL1PD5993,2025-12-09T08:17:12+05:30,28.591366,77.233307,0.0,0.0,0.0,0.0,0.0
DL1PD4280,2025-12-09T08:17:12+05:30,28.595964,77.150726,0.0,0.0,0.0,0.0,0.0
DL1PD5218,2025-12-09T08:17:12+05:30,28.598907,77.126015,0.0,0.0,0.0,0.0,0.0
DL1PD4837,2025-12-09T08:17:12+05:30,28.516018,77.226929,0.0,0.0,0.0,0.0,0.0
DL1PD4319,2025-12-09T08:17:12+05:30,28.566046,77.2295,0.0,0.0,0.0,0.0,0.0
DL1PD5832,2025-12-09T08:17:12+05:30,28.772602,77.048813,0.0,0.0,0.0,0.0,0.0
DL1PD7124,2025-12-09T08:17:12+05:30,28.603136,77.324821,0.0,0.0,0.0,0.0,0.0
DL1PD5573,2025-12-09T08:17:12+05:30,28.668653,77.229164,0.0,0.0,0.0,0.0,0.0
DL1PD5181,2025-12-09T08:17:12+05:30,28.600248,77.071503,0.0,0.0,0.0,0.0,0.0
DL1PD5066,2025-12-09T08:17:12+05:30,28.590731,77.081581,0.0,0.0,0.0,0.0,0.0
DL1PD4614,2025-12-09T08:17:12+05:30,28.565125,77.050453,0.0,0.0,0.0,0.0,0.0
DL1PD6204,2025-12-09T08:17:12+05:30,28.728382,77.092461,0.0,0.0,0.0,0.0,0.0
DL1PD4717,2025-12-09T08:17:12+05:30,28.51182,77.166679,0.0,0.0,0.0,0.0,0.0
DL1PD4739,2025-12-09T08:17:12+05:30,28.759295,77.015778,0.0,0.0,0.0,0.0,0.0
DL1PD4760,2025-12-09T08:17:12+05:30,28.628567,77.074829,0.0,0.0,0.0,0.0,0.0
DL1PD7197,2025-12-09T08:17:12+05:30,28.646233,77.315048,0.0,0.0,0.0,0.0,0.0
DL1PD4746,2025-12-09T08:17:12+05:30,28.579163,77.054901,0.0,0.0,0.0,0.0,0.0
DL1PD4609,2025-12-09T08:17:12+05:30,28.598022,77.128372,0.0,0.0,0.0,0.0,0.0
DL1PD6004,2025-12-09T08:17:12+05:30,28.703531,77.263161,0.0,0.0,0.0,0.0,0.0
DL1PD4505,2025-12-09T08:17:12+05:30,28.66025,77.2258,0.0,0.0,0.0,0.0,0.0
DL1PD5360,2025-12-09T08:17:12+05:30,28.797703,77.034569,0.0,0.0,0.0,0.0,0.0
DL1PD5961,2025-12-09T08:17:12+05:30,28.625751,77.065132,0.0,0.0,0.0,0.0,0.0
DL1PD4803,2025-12-09T08:17:12+05:30,28.619305,77.029076,0.0,0.0,0.0,0.0,0.0
DL1PD8005,2025-12-09T08:17:13+05:30,28.756638,77.17157,0.0,0.0,0.0,0.0,0.0
DL1PD4443,2025-12-09T08:17:13+05:30,28.706495,77.183891,0.0,0.0,0.0,0.0,0.0
DL1PD4383,2025-12-09T08:17:13+05:30,28.70475,77.171791,0.0,0.0,0.0,0.0,0.0
DL1PD8415,2025-12-09T08:17:13+05:30,28.527988,77.272247,0.0,0.0,0.0,0.0,0.0
DL1PD5413,2025-12-09T08:17:13+05:30,28.644117,77.223976,0.0,0.0,0.0,0.0,0.0
DL51EV3067,2025-12-09T08:17:13+05:30,28.74259,77.072472,0.0,0.0,0.0,0.0,0.0
DL51EV3027,2025-12-09T08:17:13+05:30,28.703287,77.07534,0.0,0.0,0.0,0.0,0.0
DL1PD4687,2025-12-09T08:17:13+05:30,28.619259,77.028961,0.0,0.0,0.0,0.0,0.0
DL51EV3024,2025-12-09T08:17:13+05:30,28.696011,77.108925,0.0,0.0,0.0,0.0,0.0
DL1PD5116,2025-12-09T08:17:13+05:30,28.621723,77.206238,0.0,0.0,0.0,0.0,0.0
DL1PD4518,2025-12-09T08:17:13+05:30,28.678312,77.166771,0.0,0.0,0.0,0.0,0.0
DL1PD6010,2025-12-09T08:17:13+05:30,28.618086,77.077019,0.0,0.0,0.0,0.0,0.0
DL1PD5416,2025-12-09T08:17:13+05:30,28.638597,77.252419,0.0,0.0,0.0,0.0,0.0
DL51EV4148,2025-12-09T08:17:13+05:30,28.699993,77.298256,0.0,0.0,0.0,0.0,0.0
DL1PD7194,2025-12-09T08:17:13+05:30,28.636393,77.247154,0.0,0.0,0.0,0.0,0.0
DL1PD4323,2025-12-09T08:17:13+05:30,28.708254,77.125168,0.0,0.0,0.0,0.0,0.0
DL1PD5606,2025-12-09T08:17:13+05:30,28.645803,77.31636,0.0,0.0,0.0,0.0,0.0
DL1PD4127,2025-12-09T08:17:13+05:30,28.615183,77.189995,0.0,0.0,0.0,0.0,0.0
DL1PD5077,2025-12-09T08:17:13+05:30,28.628885,77.075981,0.0,0.0,0.0,0.0,0.0
DL1PD7213,2025-12-09T08:17:13+05:30,28.592484,77.167671,0.0,0.0,0.0,0.0,0.0
DL1PD4686,2025-12-09T08:17:13+05:30,28.708332,77.13472,0.0,0.0,0.0,0.0,0.0
DL1PD5313,2025-12-09T08:17:13+05:30,28.587069,77.0868,0.0,0.0,0.0,0.0,0.0
DL51EV4305,2025-12-09T08:17:13+05:30,28.597364,77.218254,0.0,0.0,0.0,0.0,0.0
DL1PD4376,2025-12-09T08:17:13+05:30,28.662615,77.233406,0.0,0.0,0.0,0.0,0.0
DL1PD7270,2025-12-09T08:17:13+05:30,28.613018,77.302673,0.0,0.0,0.0,0.0,0.0
DL51EV3003,2025-12-09T08:17:13+05:30,28.674488,77.134789,0.0,0.0,0.0,0.0,0.0
DL1PD5163,2025-12-09T08:17:13+05:30,28.674494,77.134987,0.0,0.0,0.0,0.0,0.0
DL1PD7146,2025-12-09T08:17:13+05:30,28.62817,77.247124,0.0,0.0,0.0,0.0,0.0
DL1PD4745,2025-12-09T08:17:13+05:30,28.741804,77.120087,0.0,0.0,0.0,0.0,0.0
DL1PD4545,2025-12-09T08:17:13+05:30,28.732718,77.028328,0.0,0.0,0.0,0.0,0.0
DL51EV4377,2025-12-09T08:17:13+05:30,28.512203,77.243538,0.0,0.0,0.0,0.0,0.0
DL51EV4380,2025-12-09T08:17:13+05:30,28.73205,77.17083,0.0,0.0,0.0,0.0,0.0
DL1PD4519,2025-12-09T08:17:13+05:30,28.738466,77.008057,0.0,0.0,0.0,0.0,0.0
DL51EV3066,2025-12-09T08:17:13+05:30,28.706251,77.084442,0.0,0.0,0.0,0.0,0.0
DL51EV3827,2025-12-09T08:17:13+05:30,28.64723,77.084671,0.0,0.0,0.0,0.0,0.0
DL1PD5533,2025-12-09T08:17:13+05:30,28.678329,77.166618,0.0,0.0,0.0,0.0,0.0
DL51EV4312,2025-12-09T08:17:13+05:30,28.632504,77.081413,0.0,0.0,0.0,0.0,0.0
DL1PD5528,2025-12-09T08:17:13+05:30,28.645405,77.204643,0.0,0.0,0.0,0.0,0.0
DL51EV4357,2025-12-09T08:17:13+05:30,28.562115,77.207474,0.0,0.0,0.0,0.0,0.0
DL51EV4366,2025-12-09T08:17:13+05:30,28.715641,77.226662,0.0,0.0,0.0,0.0,0.0
DL1PD4726,2025-12-09T08:17:13+05:30,28.682323,77.061615,0.0,0.0,0.0,0.0,0.0
DL1PD7099,2025-12-09T08:17:13+05:30,28.545151,77.26413,0.0,0.0,0.0,0.0,0.0
DL1PD5904,2025-12-09T08:17:13+05:30,28.668823,77.056091,0.0,0.0,0.0,0.0,0.0
DL1PD4812,2025-12-09T08:17:13+05:30,28.797789,77.034721,0.0,0.0,0.0,0.0,0.0
DL1PD5562,2025-12-09T08:17:13+05:30,28.660118,77.228615,0.0,0.0,0.0,0.0,0.0
DL51EV3063,2025-12-09T08:17:13+05:30,28.663177,77.207039,0.0,0.0,0.0,0.0,0.0
DL51GD0256,2025-12-09T08:17:13+05:30,28.689501,77.278305,0.0,0.0,0.0,0.0,0.0
DL1PD5854,2025-12-09T08:17:13+05:30,28.638296,77.252655,0.0,0.0,0.0,0.0,0.0
DL1PD5785,2025-12-09T08:17:13+05:30,28.615894,77.09436,0.0,0.0,0.0,0.0,0.0
DL1PD4369,2025-12-09T08:17:13+05:30,28.628458,77.074921,0.0,0.0,0.0,0.0,0.0
DL51EV4398,2025-12-09T08:17:13+05:30,28.617855,77.321762,0.0,0.0,0.0,0.0,0.0
DL1PD4547,2025-12-09T08:17:13+05:30,28.625509,77.065582,0.0,0.0,0.0,0.0,0.0
DL51EV3050,2025-12-09T08:17:13+05:30,28.579493,77.144951,0.0,0.0,0.0,0.0,0.0
DL1PD5447,2025-12-09T08:17:13+05:30,28.721933,77.217827,0.0,0.0,0.0,0.0,0.0
DL51EV3271,2025-12-09T08:17:13+05:30,28.676865,77.224838,0.0,0.0,0.0,0.0,0.0
DL51EV4206,2025-12-09T08:17:13+05:30,28.51429,77.252388,0.0,0.0,0.0,0.0,0.0
DL1PD4762,2025-12-09T08:17:13+05:30,28.703362,77.263222,0.0,0.0,0.0,0.0,0.0
DL1PD4529,2025-12-09T08:17:13+05:30,28.642241,77.174484,0.0,0.0,0.0,0.0,0.0
DL1PD5071,2025-12-09T08:17:13+05:30,28.638243,77.2528,0.0,0.0,0.0,0.0,0.0
DL1PD5898,2025-12-09T08:17:13+05:30,28.681898,77.067741,0.0,0.0,0.0,0.0,0.0
DL1PD5224,2025-12-09T08:17:13+05:30,28.538633,77.139328,0.0,0.0,0.0,0.0,0.0
DL1PD7153,2025-12-09T08:17:13+05:30,28.512325,77.244736,0.0,0.0,0.0,0.0,0.0
DL1PD4231,2025-12-09T08:17:13+05:30,28.54488,77.201668,0.0,0.0,0.0,0.0,0.0
DL1PD4703,2025-12-09T08:17:13+05:30,28.662991,77.050903,0.0,0.0,0.0,0.0,0.0
DL1PD4552,2025-12-09T08:17:13+05:30,28.67977,77.094154,0.0,0.0,0.0,0.0,0.0
DL51EV3284,2025-12-09T08:17:13+05:30,28.695683,77.213287,0.0,0.0,0.0,0.0,0.0
DL1PD7086,2025-12-09T08:17:13+05:30,28.603727,77.319931,0.0,0.0,0.0,0.0,0.0
DL1PD5795,2025-12-09T08:17:13+05:30,28.625216,77.198273,0.0,0.0,0.0,0.0,0.0
DL1PD4584,2025-12-09T08:17:13+05:30,28.518227,77.159882,0.0,0.0,0.0,0.0,0.0
DL1PD4182,2025-12-09T08:17:13+05:30,28.522205,77.082352,0.0,0.0,0.0,0.0,0.0
DL51EV3277,2025-12-09T08:17:13+05:30,28.685469,77.331223,0.0,0.0,0.0,0.0,0.0
DL1PD4456,2025-12-09T08:17:13+05:30,28.735695,77.006058,0.0,0.0,0.0,0.0,0.0
DL1PD7203,2025-12-09T08:17:13+05:30,28.568937,77.213158,0.0,0.0,0.0,0.0,0.0
DL1PD4546,2025-12-09T08:17:13+05:30,28.632793,77.215736,0.0,0.0,0.0,0.0,0.0
DL1PD4241,2025-12-09T08:17:13+05:30,28.677418,77.111496,0.0,0.0,0.0,0.0,0.0
DL51EV2814,2025-12-09T08:17:13+05:30,28.746996,77.095146,0.0,0.0,0.0,0.0,0.0
DL51EV4341,2025-12-09T08:17:13+05:30,28.722807,77.165146,0.0,0.0,0.0,0.0,0.0
DL51EV2840,2025-12-09T08:17:13+05:30,28.665251,77.133339,0.0,0.0,0.0,0.0,0.0
DL51EV3086,2025-12-09T08:17:13+05:30,28.645731,77.168327,0.0,0.0,0.0,0.0,0.0
DL1PD5091,2025-12-09T08:17:13+05:30,28.602997,77.043213,0.0,0.0,0.0,0.0,0.0
DL1PD4438,2025-12-09T08:17:13+05:30,28.699219,77.027634,0.0,0.0,0.0,0.0,0.0
DL1PD4337,2025-12-09T08:17:13+05:30,28.544031,77.118874,0.0,0.0,0.0,0.0,0.0
DL1PD4356,2025-12-09T08:17:13+05:30,28.709127,77.027901,0.0,0.0,0.0,0.0,0.0
DL51EV4321,2025-12-09T08:17:13+05:30,28.669138,77.227661,0.0,0.0,0.0,0.0,0.0
DL51EV4109,2025-12-09T08:17:13+05:30,28.527845,77.189438,0.0,0.0,0.0,0.0,0.0
DL1PD4339,2025-12-09T08:17:13+05:30,28.554956,77.131927,0.0,0.0,0.0,0.0,0.0
DL51EV4150,2025-12-09T08:17:13+05:30,28.680407,77.085854,0.0,0.0,0.0,0.0,0.0
DL51EV4310,2025-12-09T08:17:13+05:30,28.704924,77.254532,0.0,0.0,0.0,0.0,0.0
DL1PD7159,2025-12-09T08:17:13+05:30,28.666433,77.283447,0.0,0.0,0.0,0.0,0.0
DL1PD5239,2025-12-09T08:17:13+05:30,28.771549,77.143814,0.0,0.0,0.0,0.0,0.0
DL1PD4598,2025-12-09T08:17:13+05:30,28.522408,77.08268,0.0,0.0,0.0,0.0,0.0
DL51EV4250,2025-12-09T08:17:13+05:30,28.609924,77.338364,0.0,0.0,0.0,0.0,0.0
DL51EV4157,2025-12-09T08:17:13+05:30,28.730799,77.168716,0.0,0.0,0.0,0.0,0.0
DL1PD4659,2025-12-09T08:17:13+05:30,28.621128,77.206413,0.0,0.0,0.0,0.0,0.0
DL1PD5659,2025-12-09T08:17:13+05:30,28.746685,77.095299,0.0,0.0,0.0,0.0,0.0
DL51EV4508,2025-12-09T08:17:13+05:30,28.513382,77.252083,0.0,0.0,0.0,0.0,0.0
DL1PD4405,2025-12-09T08:17:13+05:30,28.696621,77.093201,0.0,0.0,0.0,0.0,0.0
DL1PD8068,2025-12-09T08:17:14+05:30,28.743681,77.125397,0.0,0.0,0.0,0.0,0.0
DL1PD8203,2025-12-09T08:17:14+05:30,28.741282,77.166641,0.0,0.0,0.0,0.0,0.0
DL1PD7243,2025-12-09T08:17:14+05:30,28.590145,77.16877,0.0,0.0,0.0,0.0,0.0
DL1PD4298,2025-12-09T08:17:14+05:30,28.700609,77.200218,0.0,0.0,0.0,0.0,0.0
DL51EV4567,2025-12-09T08:17:14+05:30,28.679789,77.094078,0.0,0.0,0.0,0.0,0.0
DL51EV3011,2025-12-09T08:17:14+05:30,28.597305,77.164597,0.0,0.0,0.0,0.0,0.0
DL1PD4306,2025-12-09T08:17:14+05:30,28.533133,77.089531,0.0,0.0,0.0,0.0,0.0
DL51EV3297,2025-12-09T08:17:14+05:30,28.625439,77.066139,0.0,0.0,0.0,0.0,0.0
DL1PD4646,2025-12-09T08:17:14+05:30,28.553976,77.099312,0.0,0.0,0.0,0.0,0.0
DL1PD4275,2025-12-09T08:17:14+05:30,28.575932,77.068977,0.0,0.0,0.0,0.0,0.0
DL51EV2821,2025-12-09T08:17:14+05:30,28.720739,77.166748,0.0,0.0,0.0,0.0,0.0
DL51EV3002,2025-12-09T08:17:14+05:30,28.674139,77.138664,0.0,0.0,0.0,0.0,0.0
DL51EV4314,2025-12-09T08:17:14+05:30,28.644184,77.240494,0.0,0.0,0.0,0.0,0.0
DL1PD4189,2025-12-09T08:17:14+05:30,28.730261,77.002556,0.0,0.0,0.0,0.0,0.0
DL51EV3224,2025-12-09T08:17:14+05:30,28.692785,77.077278,0.0,0.0,0.0,0.0,0.0
DL51EV3030,2025-12-09T08:17:14+05:30,28.70327,77.075439,0.0,0.0,0.0,0.0,0.0
DL51EV3282,2025-12-09T08:17:14+05:30,28.781578,77.179871,0.0,0.0,0.0,0.0,0.0
DL1PD4188,2025-12-09T08:17:14+05:30,28.521286,77.082214,0.0,0.0,0.0,0.0,0.0
DL51EV3278,2025-12-09T08:17:14+05:30,28.703209,77.07547,0.0,0.0,0.0,0.0,0.0
DL1PD7224,2025-12-09T08:17:14+05:30,28.628599,77.277946,0.0,0.0,0.0,0.0,0.0
DL1PD4613,2025-12-09T08:17:14+05:30,28.57114,77.052513,0.0,0.0,0.0,0.0,0.0
DL1PD7074,2025-12-09T08:17:14+05:30,28.608763,77.319954,0.0,0.0,0.0,0.0,0.0
DL51EV3232,2025-12-09T08:17:14+05:30,28.625488,77.065796,0.0,0.0,0.0,0.0,0.0
DL51EV3029,2025-12-09T08:17:14+05:30,28.694477,77.106285,0.0,0.0,0.0,0.0,0.0
DL1PD6990,2025-12-09T08:17:14+05:30,28.691437,77.291855,0.0,0.0,0.0,0.0,0.0
DL1PD5803,2025-12-09T08:17:14+05:30,28.619446,77.206078,0.0,0.0,0.0,0.0,0.0
DL51EV3099,2025-12-09T08:17:14+05:30,28.694386,77.106049,0.0,0.0,0.0,0.0,0.0
DL1PD7147,2025-12-09T08:17:14+05:30,28.588448,77.259071,0.0,0.0,0.0,0.0,0.0
DL1PD4246,2025-12-09T08:17:14+05:30,28.604092,77.154602,0.0,0.0,0.0,0.0,0.0
DL1PD5558,2025-12-09T08:17:14+05:30,28.625502,77.066147,0.0,0.0,0.0,0.0,0.0
DL1PD4442,2025-12-09T08:17:14+05:30,28.682266,77.054543,0.0,0.0,0.0,0.0,0.0
DL1PD5740,2025-12-09T08:17:14+05:30,28.643553,77.225037,0.0,0.0,0.0,0.0,0.0
DL51EV4112,2025-12-09T08:17:14+05:30,28.665714,77.221931,0.0,0.0,0.0,0.0,0.0
DL1PD5669,2025-12-09T08:17:14+05:30,28.704384,77.086868,0.0,0.0,0.0,0.0,0.0
DL1PD4318,2025-12-09T08:17:14+05:30,28.698795,77.033829,0.0,0.0,0.0,0.0,0.0
DL51EV2890,2025-12-09T08:17:14+05:30,28.702778,77.13002,0.0,0.0,0.0,0.0,0.0
DL1PD7123,2025-12-09T08:17:14+05:30,28.566263,77.229546,0.0,0.0,0.0,0.0,0.0
DL1PD4185,2025-12-09T08:17:14+05:30,28.729261,77.093269,0.0,0.0,0.0,0.0,0.0
DL51EV2819,2025-12-09T08:17:14+05:30,28.745909,77.097534,0.0,0.0,0.0,0.0,0.0
DL1PD4864,2025-12-09T08:17:14+05:30,28.705202,77.249008,0.0,0.0,0.0,0.0,0.0
DL51EV3205,2025-12-09T08:17:14+05:30,28.676174,77.313316,0.0,0.0,0.0,0.0,0.0
DL1PD7108,2025-12-09T08:17:14+05:30,28.567526,77.2258,0.0,0.0,0.0,0.0,0.0
DL51EV3098,2025-12-09T08:17:14+05:30,28.687803,77.090309,0.0,0.0,0.0,0.0,0.0
DL1PD4347,2025-12-09T08:17:14+05:30,28.542442,77.182076,0.0,0.0,0.0,0.0,0.0
DL51EV3859,2025-12-09T08:17:14+05:30,28.735678,77.011406,0.0,0.0,0.0,0.0,0.0
DL1PD4186,2025-12-09T08:17:14+05:30,28.575903,77.114037,0.0,0.0,0.0,0.0,0.0
DL51GD5780,2025-12-09T08:17:14+05:30,28.695295,77.213646,0.0,0.0,0.0,0.0,0.0
DL51EV4344,2025-12-09T08:17:14+05:30,28.705296,77.172211,0.0,0.0,0.0,0.0,0.0
DL1PD4417,2025-12-09T08:17:14+05:30,28.667957,77.224121,0.0,0.0,0.0,0.0,0.0
DL51EV3051,2025-12-09T08:17:15+05:30,28.7349,77.005516,0.0,0.0,0.0,0.0,0.0
DL1PD4454,2025-12-09T08:17:15+05:30,28.741627,77.120094,0.0,0.0,0.0,0.0,0.0
DL51EV4554,2025-12-09T08:17:15+05:30,28.52656,77.185089,0.0,0.0,0.0,0.0,0.0
DL1PD4239,2025-12-09T08:17:17+05:30,28.753004,77.074837,0.0,0.0,0.0,0.0,0.0
